-- Generated by Craft v2.3.2636 on Mar 13, 2015 2:02:45 PM.

--
-- Disable foreign key checks and autocommit.
--

SET FOREIGN_KEY_CHECKS = 0;
SET SQL_MODE = "NO_AUTO_VALUE_ON_ZERO";
SET AUTOCOMMIT = 0;
SET NAMES utf8;


DROP TABLE IF EXISTS `craft_assetfiles`;


--
-- Schema for table `craft_assetfiles`
--
CREATE TABLE `craft_assetfiles` (
  `id` int(11) NOT NULL,
  `sourceId` int(11) DEFAULT NULL,
  `folderId` int(11) NOT NULL,
  `filename` varchar(255) COLLATE utf8_unicode_ci NOT NULL,
  `kind` varchar(50) COLLATE utf8_unicode_ci NOT NULL DEFAULT 'unknown',
  `width` smallint(6) unsigned DEFAULT NULL,
  `height` smallint(6) unsigned DEFAULT NULL,
  `size` int(11) unsigned DEFAULT NULL,
  `dateModified` datetime DEFAULT NULL,
  `dateCreated` datetime NOT NULL,
  `dateUpdated` datetime NOT NULL,
  `uid` char(36) COLLATE utf8_unicode_ci NOT NULL DEFAULT '0',
  PRIMARY KEY (`id`),
  UNIQUE KEY `craft_assetfiles_filename_folderId_unq_idx` (`filename`,`folderId`),
  KEY `craft_assetfiles_sourceId_fk` (`sourceId`),
  KEY `craft_assetfiles_folderId_fk` (`folderId`)
) ENGINE=InnoDB DEFAULT CHARSET=utf8 COLLATE=utf8_unicode_ci;

DROP TABLE IF EXISTS `craft_assetfolders`;


--
-- Schema for table `craft_assetfolders`
--
CREATE TABLE `craft_assetfolders` (
  `id` int(11) NOT NULL AUTO_INCREMENT,
  `parentId` int(11) DEFAULT NULL,
  `sourceId` int(11) DEFAULT NULL,
  `name` varchar(255) COLLATE utf8_unicode_ci NOT NULL,
  `path` varchar(255) COLLATE utf8_unicode_ci DEFAULT NULL,
  `dateCreated` datetime NOT NULL,
  `dateUpdated` datetime NOT NULL,
  `uid` char(36) COLLATE utf8_unicode_ci NOT NULL DEFAULT '0',
  PRIMARY KEY (`id`),
  UNIQUE KEY `craft_assetfolders_name_parentId_sourceId_unq_idx` (`name`,`parentId`,`sourceId`),
  KEY `craft_assetfolders_parentId_fk` (`parentId`),
  KEY `craft_assetfolders_sourceId_fk` (`sourceId`)
) ENGINE=InnoDB DEFAULT CHARSET=utf8 COLLATE=utf8_unicode_ci;

DROP TABLE IF EXISTS `craft_assetindexdata`;


--
-- Schema for table `craft_assetindexdata`
--
CREATE TABLE `craft_assetindexdata` (
  `id` int(11) NOT NULL AUTO_INCREMENT,
  `sessionId` varchar(36) COLLATE utf8_unicode_ci NOT NULL DEFAULT '',
  `sourceId` int(10) NOT NULL,
  `offset` int(10) NOT NULL,
  `uri` varchar(255) COLLATE utf8_unicode_ci DEFAULT NULL,
  `size` int(10) DEFAULT NULL,
  `recordId` int(10) DEFAULT NULL,
  `dateCreated` datetime NOT NULL,
  `dateUpdated` datetime NOT NULL,
  `uid` char(36) COLLATE utf8_unicode_ci NOT NULL DEFAULT '0',
  PRIMARY KEY (`id`),
  UNIQUE KEY `craft_assetindexdata_sessionId_sourceId_offset_unq_idx` (`sessionId`,`sourceId`,`offset`),
  KEY `craft_assetindexdata_sourceId_fk` (`sourceId`)
) ENGINE=InnoDB DEFAULT CHARSET=utf8 COLLATE=utf8_unicode_ci;

DROP TABLE IF EXISTS `craft_assetsources`;


--
-- Schema for table `craft_assetsources`
--
CREATE TABLE `craft_assetsources` (
  `id` int(11) NOT NULL AUTO_INCREMENT,
  `name` varchar(255) COLLATE utf8_unicode_ci NOT NULL,
  `handle` varchar(255) COLLATE utf8_unicode_ci NOT NULL,
  `type` varchar(150) COLLATE utf8_unicode_ci NOT NULL,
  `settings` text COLLATE utf8_unicode_ci,
  `sortOrder` tinyint(4) DEFAULT NULL,
  `fieldLayoutId` int(10) DEFAULT NULL,
  `dateCreated` datetime NOT NULL,
  `dateUpdated` datetime NOT NULL,
  `uid` char(36) COLLATE utf8_unicode_ci NOT NULL DEFAULT '0',
  PRIMARY KEY (`id`),
  UNIQUE KEY `craft_assetsources_name_unq_idx` (`name`),
  UNIQUE KEY `craft_assetsources_handle_unq_idx` (`handle`),
  KEY `craft_assetsources_fieldLayoutId_fk` (`fieldLayoutId`)
) ENGINE=InnoDB DEFAULT CHARSET=utf8 COLLATE=utf8_unicode_ci;

DROP TABLE IF EXISTS `craft_assettransformindex`;


--
-- Schema for table `craft_assettransformindex`
--
CREATE TABLE `craft_assettransformindex` (
  `id` int(11) NOT NULL AUTO_INCREMENT,
  `fileId` int(11) NOT NULL,
  `filename` varchar(255) COLLATE utf8_unicode_ci DEFAULT NULL,
  `format` varchar(255) COLLATE utf8_unicode_ci DEFAULT NULL,
  `location` varchar(255) COLLATE utf8_unicode_ci NOT NULL,
  `sourceId` int(11) DEFAULT NULL,
  `fileExists` tinyint(1) DEFAULT NULL,
  `inProgress` tinyint(1) DEFAULT NULL,
  `dateIndexed` datetime DEFAULT NULL,
  `dateCreated` datetime NOT NULL,
  `dateUpdated` datetime NOT NULL,
  `uid` char(36) COLLATE utf8_unicode_ci NOT NULL DEFAULT '0',
  PRIMARY KEY (`id`),
  KEY `craft_assettransformindex_sourceId_fileId_location_idx` (`sourceId`,`fileId`,`location`)
) ENGINE=InnoDB DEFAULT CHARSET=utf8 COLLATE=utf8_unicode_ci;

DROP TABLE IF EXISTS `craft_assettransforms`;


--
-- Schema for table `craft_assettransforms`
--
CREATE TABLE `craft_assettransforms` (
  `id` int(11) NOT NULL AUTO_INCREMENT,
  `name` varchar(255) COLLATE utf8_unicode_ci NOT NULL,
  `handle` varchar(255) COLLATE utf8_unicode_ci NOT NULL,
  `mode` enum('stretch','fit','crop') COLLATE utf8_unicode_ci NOT NULL DEFAULT 'crop',
  `position` enum('top-left','top-center','top-right','center-left','center-center','center-right','bottom-left','bottom-center','bottom-right') COLLATE utf8_unicode_ci NOT NULL DEFAULT 'center-center',
  `height` int(10) DEFAULT NULL,
  `width` int(10) DEFAULT NULL,
  `format` varchar(255) COLLATE utf8_unicode_ci DEFAULT NULL,
  `quality` int(10) DEFAULT NULL,
  `dimensionChangeTime` datetime DEFAULT NULL,
  `dateCreated` datetime NOT NULL,
  `dateUpdated` datetime NOT NULL,
  `uid` char(36) COLLATE utf8_unicode_ci NOT NULL DEFAULT '0',
  PRIMARY KEY (`id`),
  UNIQUE KEY `craft_assettransforms_name_unq_idx` (`name`),
  UNIQUE KEY `craft_assettransforms_handle_unq_idx` (`handle`)
) ENGINE=InnoDB DEFAULT CHARSET=utf8 COLLATE=utf8_unicode_ci;

DROP TABLE IF EXISTS `craft_categories`;


--
-- Schema for table `craft_categories`
--
CREATE TABLE `craft_categories` (
  `id` int(11) NOT NULL,
  `groupId` int(11) NOT NULL,
  `dateCreated` datetime NOT NULL,
  `dateUpdated` datetime NOT NULL,
  `uid` char(36) COLLATE utf8_unicode_ci NOT NULL DEFAULT '0',
  PRIMARY KEY (`id`),
  KEY `craft_categories_groupId_fk` (`groupId`)
) ENGINE=InnoDB DEFAULT CHARSET=utf8 COLLATE=utf8_unicode_ci;

DROP TABLE IF EXISTS `craft_categorygroups`;


--
-- Schema for table `craft_categorygroups`
--
CREATE TABLE `craft_categorygroups` (
  `id` int(11) NOT NULL AUTO_INCREMENT,
  `structureId` int(11) NOT NULL,
  `fieldLayoutId` int(11) DEFAULT NULL,
  `name` varchar(255) COLLATE utf8_unicode_ci NOT NULL,
  `handle` varchar(255) COLLATE utf8_unicode_ci NOT NULL,
  `hasUrls` tinyint(1) unsigned NOT NULL DEFAULT '1',
  `template` varchar(500) COLLATE utf8_unicode_ci DEFAULT NULL,
  `dateCreated` datetime NOT NULL,
  `dateUpdated` datetime NOT NULL,
  `uid` char(36) COLLATE utf8_unicode_ci NOT NULL DEFAULT '0',
  PRIMARY KEY (`id`),
  UNIQUE KEY `craft_categorygroups_name_unq_idx` (`name`),
  UNIQUE KEY `craft_categorygroups_handle_unq_idx` (`handle`),
  KEY `craft_categorygroups_structureId_fk` (`structureId`),
  KEY `craft_categorygroups_fieldLayoutId_fk` (`fieldLayoutId`)
) ENGINE=InnoDB DEFAULT CHARSET=utf8 COLLATE=utf8_unicode_ci;

DROP TABLE IF EXISTS `craft_categorygroups_i18n`;


--
-- Schema for table `craft_categorygroups_i18n`
--
CREATE TABLE `craft_categorygroups_i18n` (
  `id` int(11) NOT NULL AUTO_INCREMENT,
  `groupId` int(11) NOT NULL,
  `locale` char(12) COLLATE utf8_unicode_ci NOT NULL,
  `urlFormat` varchar(255) COLLATE utf8_unicode_ci DEFAULT NULL,
  `nestedUrlFormat` varchar(255) COLLATE utf8_unicode_ci DEFAULT NULL,
  `dateCreated` datetime NOT NULL,
  `dateUpdated` datetime NOT NULL,
  `uid` char(36) COLLATE utf8_unicode_ci NOT NULL DEFAULT '0',
  PRIMARY KEY (`id`),
  UNIQUE KEY `craft_categorygroups_i18n_groupId_locale_unq_idx` (`groupId`,`locale`),
  KEY `craft_categorygroups_i18n_locale_fk` (`locale`)
) ENGINE=InnoDB DEFAULT CHARSET=utf8 COLLATE=utf8_unicode_ci;

DROP TABLE IF EXISTS `craft_content`;


--
-- Schema for table `craft_content`
--
CREATE TABLE `craft_content` (
  `id` int(11) NOT NULL AUTO_INCREMENT,
  `elementId` int(11) NOT NULL,
  `locale` char(12) COLLATE utf8_unicode_ci NOT NULL,
  `title` varchar(255) COLLATE utf8_unicode_ci DEFAULT NULL,
  `field_body` text COLLATE utf8_unicode_ci,
  `field_theme` varchar(255) COLLATE utf8_unicode_ci DEFAULT 'spacelab',
  `field_webSite` text COLLATE utf8_unicode_ci,
  `field_emailAddress` text COLLATE utf8_unicode_ci,
  `field_phoneNumber` text COLLATE utf8_unicode_ci,
  `field_googleAnalyticsID` text COLLATE utf8_unicode_ci,
  `dateCreated` datetime NOT NULL,
  `dateUpdated` datetime NOT NULL,
  `uid` char(36) COLLATE utf8_unicode_ci NOT NULL DEFAULT '0',
  PRIMARY KEY (`id`),
  UNIQUE KEY `craft_content_elementId_locale_unq_idx` (`elementId`,`locale`),
  KEY `craft_content_title_idx` (`title`),
  KEY `craft_content_locale_fk` (`locale`)
) ENGINE=InnoDB AUTO_INCREMENT=4 DEFAULT CHARSET=utf8 COLLATE=utf8_unicode_ci;

--
-- Data for table `craft_content`
--

INSERT INTO `craft_content` (`id`, `elementId`, `locale`, `title`, `field_body`, `field_theme`, `field_webSite`, `field_emailAddress`, `field_phoneNumber`, `field_googleAnalyticsID`, `dateCreated`, `dateUpdated`, `uid`) VALUES ('1', '1', 'en_us', NULL, NULL, NULL, NULL, NULL, NULL, NULL, '2015-03-07 04:18:16', '2015-03-07 04:18:16', '8f17534a-7cfc-48f8-9ead-fed69bb0f343');
INSERT INTO `craft_content` (`id`, `elementId`, `locale`, `title`, `field_body`, `field_theme`, `field_webSite`, `field_emailAddress`, `field_phoneNumber`, `field_googleAnalyticsID`, `dateCreated`, `dateUpdated`, `uid`) VALUES ('2', '2', 'en_us', 'Aaron L. Krauss', '<p>It\'s true, this site doesn\'t have a whole lot of content yet, but don\'t worry. Our web developers have just installed the CMS, and they\'re setting things up for the content editors this very moment. Soon Localhost will be an oasis of fresh perspectives, sharp analyses, and astute opinions that will keep you coming back again and again.</p>', 'paper', 'http://thesocietea.org', 'alkrauss48@gmail.com', '', 'UA-38589428-1', '2015-03-07 04:18:17', '2015-03-10 22:50:15', '3f52b1a2-68a7-4138-ad38-408875883247');
INSERT INTO `craft_content` (`id`, `elementId`, `locale`, `title`, `field_body`, `field_theme`, `field_webSite`, `field_emailAddress`, `field_phoneNumber`, `field_googleAnalyticsID`, `dateCreated`, `dateUpdated`, `uid`) VALUES ('3', '19', 'en_us', 'Layla R. Niavarani', NULL, 'spacelab', 'http://misslaylacakes.com', 'laylan@gmail.com', '', 'UA-38589428-2', '2015-03-08 07:11:43', '2015-03-10 22:57:07', 'fb32114f-018a-432e-a87d-8664f4c5e930');



DROP TABLE IF EXISTS `craft_deprecationerrors`;


--
-- Schema for table `craft_deprecationerrors`
--
CREATE TABLE `craft_deprecationerrors` (
  `id` int(11) NOT NULL AUTO_INCREMENT,
  `key` varchar(255) COLLATE utf8_unicode_ci NOT NULL,
  `fingerprint` varchar(255) COLLATE utf8_unicode_ci NOT NULL,
  `lastOccurrence` datetime NOT NULL,
  `file` varchar(255) COLLATE utf8_unicode_ci NOT NULL,
  `line` smallint(6) unsigned NOT NULL,
  `class` varchar(255) COLLATE utf8_unicode_ci DEFAULT NULL,
  `method` varchar(255) COLLATE utf8_unicode_ci DEFAULT NULL,
  `template` varchar(255) COLLATE utf8_unicode_ci DEFAULT NULL,
  `templateLine` smallint(6) unsigned DEFAULT NULL,
  `message` varchar(255) COLLATE utf8_unicode_ci DEFAULT NULL,
  `traces` text COLLATE utf8_unicode_ci,
  `dateCreated` datetime NOT NULL,
  `dateUpdated` datetime NOT NULL,
  `uid` char(36) COLLATE utf8_unicode_ci NOT NULL DEFAULT '0',
  PRIMARY KEY (`id`),
  UNIQUE KEY `craft_deprecationerrors_key_fingerprint_unq_idx` (`key`,`fingerprint`)
) ENGINE=InnoDB DEFAULT CHARSET=utf8 COLLATE=utf8_unicode_ci;

DROP TABLE IF EXISTS `craft_elements`;


--
-- Schema for table `craft_elements`
--
CREATE TABLE `craft_elements` (
  `id` int(11) NOT NULL AUTO_INCREMENT,
  `type` varchar(150) COLLATE utf8_unicode_ci NOT NULL,
  `enabled` tinyint(1) unsigned NOT NULL DEFAULT '1',
  `archived` tinyint(1) unsigned NOT NULL DEFAULT '0',
  `dateCreated` datetime NOT NULL,
  `dateUpdated` datetime NOT NULL,
  `uid` char(36) COLLATE utf8_unicode_ci NOT NULL DEFAULT '0',
  PRIMARY KEY (`id`),
  KEY `craft_elements_type_idx` (`type`),
  KEY `craft_elements_enabled_idx` (`enabled`),
  KEY `craft_elements_archived_dateCreated_idx` (`archived`,`dateCreated`)
) ENGINE=InnoDB AUTO_INCREMENT=62 DEFAULT CHARSET=utf8 COLLATE=utf8_unicode_ci;

--
-- Data for table `craft_elements`
--

INSERT INTO `craft_elements` (`id`, `type`, `enabled`, `archived`, `dateCreated`, `dateUpdated`, `uid`) VALUES ('1', 'User', '1', '0', '2015-03-07 04:18:16', '2015-03-07 04:18:16', '8ab744ac-b7cb-4a64-90ec-17e9192ceeb9');
INSERT INTO `craft_elements` (`id`, `type`, `enabled`, `archived`, `dateCreated`, `dateUpdated`, `uid`) VALUES ('2', 'Entry', '1', '0', '2015-03-07 04:18:17', '2015-03-10 22:50:15', 'b89bc432-6d33-4aed-bcb8-01d8da8f285b');
INSERT INTO `craft_elements` (`id`, `type`, `enabled`, `archived`, `dateCreated`, `dateUpdated`, `uid`) VALUES ('4', 'MatrixBlock', '1', '0', '2015-03-07 04:43:38', '2015-03-10 22:50:15', '0e30e298-1cba-49a7-941b-eab80d5650da');
INSERT INTO `craft_elements` (`id`, `type`, `enabled`, `archived`, `dateCreated`, `dateUpdated`, `uid`) VALUES ('5', 'MatrixBlock', '1', '0', '2015-03-07 04:43:38', '2015-03-10 22:50:15', '043679eb-ec9f-466c-bada-95c809ba64b8');
INSERT INTO `craft_elements` (`id`, `type`, `enabled`, `archived`, `dateCreated`, `dateUpdated`, `uid`) VALUES ('7', 'MatrixBlock', '1', '0', '2015-03-07 14:17:07', '2015-03-10 22:50:15', '5fb43586-7adf-4232-89ce-02802a76ecbb');
INSERT INTO `craft_elements` (`id`, `type`, `enabled`, `archived`, `dateCreated`, `dateUpdated`, `uid`) VALUES ('8', 'MatrixBlock', '1', '0', '2015-03-07 14:17:07', '2015-03-10 22:50:15', '429bf962-618b-4962-97ca-3ee969bcbf83');
INSERT INTO `craft_elements` (`id`, `type`, `enabled`, `archived`, `dateCreated`, `dateUpdated`, `uid`) VALUES ('9', 'MatrixBlock', '1', '0', '2015-03-07 14:17:56', '2015-03-10 22:50:15', 'acb07016-6499-4c50-9bdc-3407ae7b663e');
INSERT INTO `craft_elements` (`id`, `type`, `enabled`, `archived`, `dateCreated`, `dateUpdated`, `uid`) VALUES ('10', 'MatrixBlock', '1', '0', '2015-03-07 14:18:15', '2015-03-10 22:50:15', '58756b07-8571-4643-b15e-e0858f2be83e');
INSERT INTO `craft_elements` (`id`, `type`, `enabled`, `archived`, `dateCreated`, `dateUpdated`, `uid`) VALUES ('11', 'MatrixBlock', '1', '0', '2015-03-07 14:21:15', '2015-03-10 22:50:15', '22f146a3-0e68-446e-b49c-c7aabf1d973e');
INSERT INTO `craft_elements` (`id`, `type`, `enabled`, `archived`, `dateCreated`, `dateUpdated`, `uid`) VALUES ('12', 'MatrixBlock', '1', '0', '2015-03-07 14:22:39', '2015-03-10 22:50:15', 'd676b986-7275-45cd-a757-c742cbee2a36');
INSERT INTO `craft_elements` (`id`, `type`, `enabled`, `archived`, `dateCreated`, `dateUpdated`, `uid`) VALUES ('13', 'MatrixBlock', '1', '0', '2015-03-07 14:22:39', '2015-03-10 22:50:15', '68474ecf-4b2e-4a23-806c-533647761a64');
INSERT INTO `craft_elements` (`id`, `type`, `enabled`, `archived`, `dateCreated`, `dateUpdated`, `uid`) VALUES ('14', 'MatrixBlock', '1', '0', '2015-03-07 14:22:39', '2015-03-10 22:50:15', 'b843ea50-1064-411a-94d7-ca97289797a5');
INSERT INTO `craft_elements` (`id`, `type`, `enabled`, `archived`, `dateCreated`, `dateUpdated`, `uid`) VALUES ('15', 'MatrixBlock', '1', '0', '2015-03-07 14:24:10', '2015-03-10 22:50:15', '3655e3d0-0c18-4130-9d39-3816fa1881db');
INSERT INTO `craft_elements` (`id`, `type`, `enabled`, `archived`, `dateCreated`, `dateUpdated`, `uid`) VALUES ('16', 'MatrixBlock', '1', '0', '2015-03-07 14:24:10', '2015-03-10 22:50:15', '31ce3c71-dd13-4201-b39d-8f7b5d2d7fca');
INSERT INTO `craft_elements` (`id`, `type`, `enabled`, `archived`, `dateCreated`, `dateUpdated`, `uid`) VALUES ('17', 'MatrixBlock', '1', '0', '2015-03-07 14:24:10', '2015-03-10 22:50:15', 'c4c10bc2-6cff-4297-9123-9cb2dbf71b9b');
INSERT INTO `craft_elements` (`id`, `type`, `enabled`, `archived`, `dateCreated`, `dateUpdated`, `uid`) VALUES ('18', 'MatrixBlock', '1', '0', '2015-03-07 14:24:10', '2015-03-10 22:50:15', '8ce8678c-6af3-405a-a864-d3b4ebd370c5');
INSERT INTO `craft_elements` (`id`, `type`, `enabled`, `archived`, `dateCreated`, `dateUpdated`, `uid`) VALUES ('19', 'Entry', '1', '0', '2015-03-08 07:11:43', '2015-03-10 22:57:07', 'c12c4d67-86b0-4d02-80e8-d9863bd645ee');
INSERT INTO `craft_elements` (`id`, `type`, `enabled`, `archived`, `dateCreated`, `dateUpdated`, `uid`) VALUES ('20', 'MatrixBlock', '1', '0', '2015-03-08 07:11:43', '2015-03-10 22:57:07', '3b3fdde5-bc65-4447-9858-f7a68a95d9dd');
INSERT INTO `craft_elements` (`id`, `type`, `enabled`, `archived`, `dateCreated`, `dateUpdated`, `uid`) VALUES ('21', 'MatrixBlock', '1', '0', '2015-03-08 07:18:17', '2015-03-10 22:57:07', 'c26a14a5-7c50-4b46-89a2-6b0fcd707bd6');
INSERT INTO `craft_elements` (`id`, `type`, `enabled`, `archived`, `dateCreated`, `dateUpdated`, `uid`) VALUES ('22', 'MatrixBlock', '1', '0', '2015-03-08 07:28:33', '2015-03-10 22:57:07', '14426daa-56d7-4bee-a598-cea130571d58');
INSERT INTO `craft_elements` (`id`, `type`, `enabled`, `archived`, `dateCreated`, `dateUpdated`, `uid`) VALUES ('23', 'MatrixBlock', '1', '0', '2015-03-08 07:28:33', '2015-03-10 22:57:07', 'f8b5cffd-8005-40c8-95af-3ed6142ff13e');
INSERT INTO `craft_elements` (`id`, `type`, `enabled`, `archived`, `dateCreated`, `dateUpdated`, `uid`) VALUES ('24', 'MatrixBlock', '1', '0', '2015-03-08 07:28:33', '2015-03-10 22:57:07', 'd8291d2c-3acf-4665-9b5b-230da222f11f');
INSERT INTO `craft_elements` (`id`, `type`, `enabled`, `archived`, `dateCreated`, `dateUpdated`, `uid`) VALUES ('25', 'MatrixBlock', '1', '0', '2015-03-08 07:39:19', '2015-03-10 22:57:07', '91e63a1e-c48a-47ef-b364-5569914a1f46');
INSERT INTO `craft_elements` (`id`, `type`, `enabled`, `archived`, `dateCreated`, `dateUpdated`, `uid`) VALUES ('26', 'MatrixBlock', '1', '0', '2015-03-08 07:39:19', '2015-03-10 22:57:07', '01bce8b8-0a4b-4293-bf4b-b8e22b9749e6');
INSERT INTO `craft_elements` (`id`, `type`, `enabled`, `archived`, `dateCreated`, `dateUpdated`, `uid`) VALUES ('27', 'MatrixBlock', '1', '0', '2015-03-08 07:39:19', '2015-03-10 22:57:07', 'e0590501-9f5d-48b3-ac8c-0007545c2b4d');
INSERT INTO `craft_elements` (`id`, `type`, `enabled`, `archived`, `dateCreated`, `dateUpdated`, `uid`) VALUES ('28', 'MatrixBlock', '1', '0', '2015-03-08 07:39:19', '2015-03-10 22:57:07', '7962abcf-cb04-4114-8eb2-9450fa2ecb25');
INSERT INTO `craft_elements` (`id`, `type`, `enabled`, `archived`, `dateCreated`, `dateUpdated`, `uid`) VALUES ('29', 'MatrixBlock', '1', '0', '2015-03-08 07:39:19', '2015-03-10 22:57:07', '85738902-e800-4e03-b6e0-d4edb5e1a9e5');
INSERT INTO `craft_elements` (`id`, `type`, `enabled`, `archived`, `dateCreated`, `dateUpdated`, `uid`) VALUES ('30', 'MatrixBlock', '1', '0', '2015-03-10 01:46:31', '2015-03-10 22:50:15', '0d72da74-5645-42ab-85af-32c05878980e');
INSERT INTO `craft_elements` (`id`, `type`, `enabled`, `archived`, `dateCreated`, `dateUpdated`, `uid`) VALUES ('31', 'MatrixBlock', '1', '0', '2015-03-10 01:46:31', '2015-03-10 22:50:15', '4eaccc03-603c-42cc-8239-3bd2b14247dd');
INSERT INTO `craft_elements` (`id`, `type`, `enabled`, `archived`, `dateCreated`, `dateUpdated`, `uid`) VALUES ('32', 'MatrixBlock', '1', '0', '2015-03-10 01:46:31', '2015-03-10 22:50:15', 'd4b68816-2267-4d85-b394-0f0184180525');
INSERT INTO `craft_elements` (`id`, `type`, `enabled`, `archived`, `dateCreated`, `dateUpdated`, `uid`) VALUES ('33', 'MatrixBlock', '1', '0', '2015-03-10 01:46:31', '2015-03-10 22:50:15', '31e62696-aaf3-4260-97e1-d576dc18bf89');
INSERT INTO `craft_elements` (`id`, `type`, `enabled`, `archived`, `dateCreated`, `dateUpdated`, `uid`) VALUES ('34', 'MatrixBlock', '1', '0', '2015-03-10 01:46:31', '2015-03-10 22:50:15', '48e28a6d-fd1f-4f8b-b72d-6834f3dc4afb');
INSERT INTO `craft_elements` (`id`, `type`, `enabled`, `archived`, `dateCreated`, `dateUpdated`, `uid`) VALUES ('35', 'MatrixBlock', '1', '0', '2015-03-10 01:46:31', '2015-03-10 22:50:15', 'd9206002-c530-40ae-8b6b-66c8338fff41');
INSERT INTO `craft_elements` (`id`, `type`, `enabled`, `archived`, `dateCreated`, `dateUpdated`, `uid`) VALUES ('36', 'MatrixBlock', '1', '0', '2015-03-10 01:46:31', '2015-03-10 22:50:15', '156d6091-5246-4ee2-a581-00e575b75848');
INSERT INTO `craft_elements` (`id`, `type`, `enabled`, `archived`, `dateCreated`, `dateUpdated`, `uid`) VALUES ('37', 'MatrixBlock', '1', '0', '2015-03-10 01:46:31', '2015-03-10 22:50:15', '704f750a-3d51-4d21-ad96-9f2b0d3aea76');
INSERT INTO `craft_elements` (`id`, `type`, `enabled`, `archived`, `dateCreated`, `dateUpdated`, `uid`) VALUES ('38', 'MatrixBlock', '1', '0', '2015-03-10 01:46:31', '2015-03-10 22:50:15', '0adf4536-e79d-41ef-8d4a-087809acacc3');
INSERT INTO `craft_elements` (`id`, `type`, `enabled`, `archived`, `dateCreated`, `dateUpdated`, `uid`) VALUES ('39', 'MatrixBlock', '1', '0', '2015-03-10 01:46:31', '2015-03-10 22:50:15', 'f2769773-c536-4bc9-975e-7d48d283a647');
INSERT INTO `craft_elements` (`id`, `type`, `enabled`, `archived`, `dateCreated`, `dateUpdated`, `uid`) VALUES ('40', 'MatrixBlock', '1', '0', '2015-03-10 01:46:31', '2015-03-10 22:50:15', 'ab602991-ac23-4c36-860d-a91d4475c588');
INSERT INTO `craft_elements` (`id`, `type`, `enabled`, `archived`, `dateCreated`, `dateUpdated`, `uid`) VALUES ('41', 'MatrixBlock', '1', '0', '2015-03-10 01:46:31', '2015-03-10 22:50:15', '94a2acd9-32f5-4580-a597-412bebce0bfb');
INSERT INTO `craft_elements` (`id`, `type`, `enabled`, `archived`, `dateCreated`, `dateUpdated`, `uid`) VALUES ('42', 'MatrixBlock', '1', '0', '2015-03-10 01:46:31', '2015-03-10 22:50:15', 'ee1cf8dc-def5-4ce8-bc5b-5198ac944599');
INSERT INTO `craft_elements` (`id`, `type`, `enabled`, `archived`, `dateCreated`, `dateUpdated`, `uid`) VALUES ('43', 'MatrixBlock', '1', '0', '2015-03-10 01:46:31', '2015-03-10 22:50:15', '3e2d7f94-ea1f-4714-b04b-2cd54a7fbe2e');
INSERT INTO `craft_elements` (`id`, `type`, `enabled`, `archived`, `dateCreated`, `dateUpdated`, `uid`) VALUES ('44', 'MatrixBlock', '1', '0', '2015-03-10 01:46:31', '2015-03-10 22:50:15', '8a674d4f-b7b8-4dcd-a00f-64ffdd398422');
INSERT INTO `craft_elements` (`id`, `type`, `enabled`, `archived`, `dateCreated`, `dateUpdated`, `uid`) VALUES ('45', 'MatrixBlock', '1', '0', '2015-03-10 01:46:31', '2015-03-10 22:50:15', '8a2e1c93-ac96-4b08-b903-5b36d74d3453');
INSERT INTO `craft_elements` (`id`, `type`, `enabled`, `archived`, `dateCreated`, `dateUpdated`, `uid`) VALUES ('46', 'MatrixBlock', '1', '0', '2015-03-10 01:46:31', '2015-03-10 22:50:15', '0548556a-8487-43d2-bd06-eab61bb6ca23');
INSERT INTO `craft_elements` (`id`, `type`, `enabled`, `archived`, `dateCreated`, `dateUpdated`, `uid`) VALUES ('47', 'MatrixBlock', '1', '0', '2015-03-10 01:46:31', '2015-03-10 22:50:15', 'dcf040f1-4963-4536-9500-82e9801139c9');
INSERT INTO `craft_elements` (`id`, `type`, `enabled`, `archived`, `dateCreated`, `dateUpdated`, `uid`) VALUES ('48', 'MatrixBlock', '1', '0', '2015-03-10 01:46:31', '2015-03-10 22:50:15', '43616afe-49ee-489a-857e-496537d985d7');
INSERT INTO `craft_elements` (`id`, `type`, `enabled`, `archived`, `dateCreated`, `dateUpdated`, `uid`) VALUES ('49', 'MatrixBlock', '1', '0', '2015-03-10 01:46:31', '2015-03-10 22:50:15', 'bd9405ab-def8-4134-b47c-0e317ef53c47');
INSERT INTO `craft_elements` (`id`, `type`, `enabled`, `archived`, `dateCreated`, `dateUpdated`, `uid`) VALUES ('50', 'MatrixBlock', '1', '0', '2015-03-10 22:50:15', '2015-03-10 22:50:15', 'b0fe70a4-29a7-48c4-8073-decdb0f4df20');
INSERT INTO `craft_elements` (`id`, `type`, `enabled`, `archived`, `dateCreated`, `dateUpdated`, `uid`) VALUES ('51', 'MatrixBlock', '1', '0', '2015-03-10 22:50:15', '2015-03-10 22:50:15', 'e9725070-3997-47e7-a794-094bbbc6dc7a');
INSERT INTO `craft_elements` (`id`, `type`, `enabled`, `archived`, `dateCreated`, `dateUpdated`, `uid`) VALUES ('52', 'MatrixBlock', '1', '0', '2015-03-10 22:50:15', '2015-03-10 22:50:15', '2132337d-0bd1-487a-be17-1daa10911fa6');
INSERT INTO `craft_elements` (`id`, `type`, `enabled`, `archived`, `dateCreated`, `dateUpdated`, `uid`) VALUES ('53', 'MatrixBlock', '1', '0', '2015-03-10 22:50:15', '2015-03-10 22:50:15', 'c35a1efb-6582-4bad-850d-cf10ef16b181');
INSERT INTO `craft_elements` (`id`, `type`, `enabled`, `archived`, `dateCreated`, `dateUpdated`, `uid`) VALUES ('54', 'MatrixBlock', '1', '0', '2015-03-10 22:56:00', '2015-03-10 22:57:07', '52882320-fa81-4769-b18e-fac2e0b119c4');
INSERT INTO `craft_elements` (`id`, `type`, `enabled`, `archived`, `dateCreated`, `dateUpdated`, `uid`) VALUES ('55', 'MatrixBlock', '1', '0', '2015-03-10 22:56:00', '2015-03-10 22:57:07', '39fb7fc6-7e59-4cb1-aa59-5194c848b7ec');
INSERT INTO `craft_elements` (`id`, `type`, `enabled`, `archived`, `dateCreated`, `dateUpdated`, `uid`) VALUES ('56', 'MatrixBlock', '1', '0', '2015-03-10 22:56:00', '2015-03-10 22:57:07', 'd8b6c7e4-09f7-4763-ae5c-378338b15e0d');
INSERT INTO `craft_elements` (`id`, `type`, `enabled`, `archived`, `dateCreated`, `dateUpdated`, `uid`) VALUES ('57', 'MatrixBlock', '1', '0', '2015-03-10 22:56:00', '2015-03-10 22:57:07', '0bae1b5a-83c1-4d1e-98dd-486925316fe3');
INSERT INTO `craft_elements` (`id`, `type`, `enabled`, `archived`, `dateCreated`, `dateUpdated`, `uid`) VALUES ('58', 'MatrixBlock', '1', '0', '2015-03-10 22:56:00', '2015-03-10 22:57:07', '936c9e71-e859-4b64-8e7f-c64fb36c5a73');
INSERT INTO `craft_elements` (`id`, `type`, `enabled`, `archived`, `dateCreated`, `dateUpdated`, `uid`) VALUES ('59', 'MatrixBlock', '1', '0', '2015-03-10 22:56:00', '2015-03-10 22:57:07', 'ee73e00d-9f40-479c-8eb9-0ec5895ed937');
INSERT INTO `craft_elements` (`id`, `type`, `enabled`, `archived`, `dateCreated`, `dateUpdated`, `uid`) VALUES ('60', 'MatrixBlock', '1', '0', '2015-03-10 22:56:00', '2015-03-10 22:57:07', 'b2454d6d-2e79-4166-ab6a-6c7eee11f942');
INSERT INTO `craft_elements` (`id`, `type`, `enabled`, `archived`, `dateCreated`, `dateUpdated`, `uid`) VALUES ('61', 'MatrixBlock', '1', '0', '2015-03-10 22:56:00', '2015-03-10 22:57:07', 'd0a08491-d43d-4f20-a598-5e14eddf679a');



DROP TABLE IF EXISTS `craft_elements_i18n`;


--
-- Schema for table `craft_elements_i18n`
--
CREATE TABLE `craft_elements_i18n` (
  `id` int(11) NOT NULL AUTO_INCREMENT,
  `elementId` int(11) NOT NULL,
  `locale` char(12) COLLATE utf8_unicode_ci NOT NULL,
  `slug` varchar(255) COLLATE utf8_unicode_ci DEFAULT NULL,
  `uri` varchar(255) COLLATE utf8_unicode_ci DEFAULT NULL,
  `enabled` tinyint(1) unsigned NOT NULL DEFAULT '1',
  `dateCreated` datetime NOT NULL,
  `dateUpdated` datetime NOT NULL,
  `uid` char(36) COLLATE utf8_unicode_ci NOT NULL DEFAULT '0',
  PRIMARY KEY (`id`),
  UNIQUE KEY `craft_elements_i18n_elementId_locale_unq_idx` (`elementId`,`locale`),
  UNIQUE KEY `craft_elements_i18n_uri_locale_unq_idx` (`uri`,`locale`),
  KEY `craft_elements_i18n_slug_locale_idx` (`slug`,`locale`),
  KEY `craft_elements_i18n_enabled_idx` (`enabled`),
  KEY `craft_elements_i18n_locale_fk` (`locale`)
) ENGINE=InnoDB AUTO_INCREMENT=64 DEFAULT CHARSET=utf8 COLLATE=utf8_unicode_ci;

--
-- Data for table `craft_elements_i18n`
--

INSERT INTO `craft_elements_i18n` (`id`, `elementId`, `locale`, `slug`, `uri`, `enabled`, `dateCreated`, `dateUpdated`, `uid`) VALUES ('1', '1', 'en_us', '', NULL, '1', '2015-03-07 04:18:16', '2015-03-07 04:18:16', '24b69cb4-2466-4305-bedf-10119fd2179e');
INSERT INTO `craft_elements_i18n` (`id`, `elementId`, `locale`, `slug`, `uri`, `enabled`, `dateCreated`, `dateUpdated`, `uid`) VALUES ('2', '2', 'en_us', 'aaron-krauss', 'aaron-krauss', '1', '2015-03-07 04:18:17', '2015-03-10 22:50:15', 'c1368ebe-0378-4636-bc94-c5445aacdcfd');
INSERT INTO `craft_elements_i18n` (`id`, `elementId`, `locale`, `slug`, `uri`, `enabled`, `dateCreated`, `dateUpdated`, `uid`) VALUES ('5', '4', 'en_us', '', NULL, '1', '2015-03-07 04:43:38', '2015-03-10 22:50:15', 'c21a9662-1dfc-4505-a081-b55ab7412a47');
INSERT INTO `craft_elements_i18n` (`id`, `elementId`, `locale`, `slug`, `uri`, `enabled`, `dateCreated`, `dateUpdated`, `uid`) VALUES ('6', '5', 'en_us', '', NULL, '1', '2015-03-07 04:43:38', '2015-03-10 22:50:15', '96008d5d-48de-4863-937b-c035f9fa1f25');
INSERT INTO `craft_elements_i18n` (`id`, `elementId`, `locale`, `slug`, `uri`, `enabled`, `dateCreated`, `dateUpdated`, `uid`) VALUES ('9', '7', 'en_us', '', NULL, '1', '2015-03-07 14:17:07', '2015-03-10 22:50:15', '7ec961ae-82aa-4ecd-a453-238f118f7484');
INSERT INTO `craft_elements_i18n` (`id`, `elementId`, `locale`, `slug`, `uri`, `enabled`, `dateCreated`, `dateUpdated`, `uid`) VALUES ('10', '8', 'en_us', '', NULL, '1', '2015-03-07 14:17:07', '2015-03-10 22:50:15', 'c08f06ff-4c7e-4fd7-82b6-a6cf311e4d08');
INSERT INTO `craft_elements_i18n` (`id`, `elementId`, `locale`, `slug`, `uri`, `enabled`, `dateCreated`, `dateUpdated`, `uid`) VALUES ('11', '9', 'en_us', '', NULL, '1', '2015-03-07 14:17:56', '2015-03-10 22:50:15', 'efe94e12-eb43-4307-828e-1c109f6b47d8');
INSERT INTO `craft_elements_i18n` (`id`, `elementId`, `locale`, `slug`, `uri`, `enabled`, `dateCreated`, `dateUpdated`, `uid`) VALUES ('12', '10', 'en_us', '', NULL, '1', '2015-03-07 14:18:15', '2015-03-10 22:50:15', '4375df2e-ac75-4681-a4aa-31cc3633fe17');
INSERT INTO `craft_elements_i18n` (`id`, `elementId`, `locale`, `slug`, `uri`, `enabled`, `dateCreated`, `dateUpdated`, `uid`) VALUES ('13', '11', 'en_us', '', NULL, '1', '2015-03-07 14:21:15', '2015-03-10 22:50:15', '7209e94e-f4a4-4a61-826d-3e09b7b9c4c2');
INSERT INTO `craft_elements_i18n` (`id`, `elementId`, `locale`, `slug`, `uri`, `enabled`, `dateCreated`, `dateUpdated`, `uid`) VALUES ('14', '12', 'en_us', '', NULL, '1', '2015-03-07 14:22:39', '2015-03-10 22:50:15', 'e8b06402-2c4d-496d-a03c-7b61d58f5d84');
INSERT INTO `craft_elements_i18n` (`id`, `elementId`, `locale`, `slug`, `uri`, `enabled`, `dateCreated`, `dateUpdated`, `uid`) VALUES ('15', '13', 'en_us', '', NULL, '1', '2015-03-07 14:22:39', '2015-03-10 22:50:15', 'cfa952f5-7905-49fe-9a9c-f8fc0cc8f62c');
INSERT INTO `craft_elements_i18n` (`id`, `elementId`, `locale`, `slug`, `uri`, `enabled`, `dateCreated`, `dateUpdated`, `uid`) VALUES ('16', '14', 'en_us', '', NULL, '1', '2015-03-07 14:22:39', '2015-03-10 22:50:15', 'a1e7b090-040e-44ec-83b8-058604c3930c');
INSERT INTO `craft_elements_i18n` (`id`, `elementId`, `locale`, `slug`, `uri`, `enabled`, `dateCreated`, `dateUpdated`, `uid`) VALUES ('17', '15', 'en_us', '', NULL, '1', '2015-03-07 14:24:10', '2015-03-10 22:50:15', '8ac9f9c4-eef4-41d5-9226-9e2db4cc5535');
INSERT INTO `craft_elements_i18n` (`id`, `elementId`, `locale`, `slug`, `uri`, `enabled`, `dateCreated`, `dateUpdated`, `uid`) VALUES ('18', '16', 'en_us', '', NULL, '1', '2015-03-07 14:24:10', '2015-03-10 22:50:15', '0e01f22c-0088-4214-8f65-8bacfa1cd718');
INSERT INTO `craft_elements_i18n` (`id`, `elementId`, `locale`, `slug`, `uri`, `enabled`, `dateCreated`, `dateUpdated`, `uid`) VALUES ('19', '17', 'en_us', '', NULL, '1', '2015-03-07 14:24:10', '2015-03-10 22:50:15', '5ad2a2a4-82db-4285-9864-7975248e38d4');
INSERT INTO `craft_elements_i18n` (`id`, `elementId`, `locale`, `slug`, `uri`, `enabled`, `dateCreated`, `dateUpdated`, `uid`) VALUES ('20', '18', 'en_us', '', NULL, '1', '2015-03-07 14:24:10', '2015-03-10 22:50:15', '41df6e19-0f70-4e35-b49f-f57dfe819110');
INSERT INTO `craft_elements_i18n` (`id`, `elementId`, `locale`, `slug`, `uri`, `enabled`, `dateCreated`, `dateUpdated`, `uid`) VALUES ('21', '19', 'en_us', 'layla-niavarani', 'layla-niavarani', '1', '2015-03-08 07:11:43', '2015-03-10 22:57:07', '9b8e65b4-2956-4b64-8889-3d10f8dcc461');
INSERT INTO `craft_elements_i18n` (`id`, `elementId`, `locale`, `slug`, `uri`, `enabled`, `dateCreated`, `dateUpdated`, `uid`) VALUES ('22', '20', 'en_us', '', NULL, '1', '2015-03-08 07:11:43', '2015-03-10 22:57:07', '1ba2a6de-3348-406c-8ecd-984a487c4397');
INSERT INTO `craft_elements_i18n` (`id`, `elementId`, `locale`, `slug`, `uri`, `enabled`, `dateCreated`, `dateUpdated`, `uid`) VALUES ('23', '21', 'en_us', '', NULL, '1', '2015-03-08 07:18:17', '2015-03-10 22:57:07', '3e6fa60f-d67e-4efc-8518-3a7690fbdaaa');
INSERT INTO `craft_elements_i18n` (`id`, `elementId`, `locale`, `slug`, `uri`, `enabled`, `dateCreated`, `dateUpdated`, `uid`) VALUES ('24', '22', 'en_us', '', NULL, '1', '2015-03-08 07:28:33', '2015-03-10 22:57:07', '20991ef6-34d7-4f32-873e-617a0f0f7d06');
INSERT INTO `craft_elements_i18n` (`id`, `elementId`, `locale`, `slug`, `uri`, `enabled`, `dateCreated`, `dateUpdated`, `uid`) VALUES ('25', '23', 'en_us', '', NULL, '1', '2015-03-08 07:28:33', '2015-03-10 22:57:07', 'cf602e9d-ac5a-4d0e-8241-77811022a87f');
INSERT INTO `craft_elements_i18n` (`id`, `elementId`, `locale`, `slug`, `uri`, `enabled`, `dateCreated`, `dateUpdated`, `uid`) VALUES ('26', '24', 'en_us', '', NULL, '1', '2015-03-08 07:28:33', '2015-03-10 22:57:07', 'e55704f1-af05-4dd8-86c5-aec56eb34fd7');
INSERT INTO `craft_elements_i18n` (`id`, `elementId`, `locale`, `slug`, `uri`, `enabled`, `dateCreated`, `dateUpdated`, `uid`) VALUES ('27', '25', 'en_us', '', NULL, '1', '2015-03-08 07:39:19', '2015-03-10 22:57:07', 'b45c8759-9e47-4622-8912-21dcf1e497b1');
INSERT INTO `craft_elements_i18n` (`id`, `elementId`, `locale`, `slug`, `uri`, `enabled`, `dateCreated`, `dateUpdated`, `uid`) VALUES ('28', '26', 'en_us', '', NULL, '1', '2015-03-08 07:39:19', '2015-03-10 22:57:07', '68ae1f24-88cc-41e2-9414-eec0a3bd857d');
INSERT INTO `craft_elements_i18n` (`id`, `elementId`, `locale`, `slug`, `uri`, `enabled`, `dateCreated`, `dateUpdated`, `uid`) VALUES ('29', '27', 'en_us', '', NULL, '1', '2015-03-08 07:39:19', '2015-03-10 22:57:07', 'ddc14036-6ff3-4a46-a32f-fa8ea27f03af');
INSERT INTO `craft_elements_i18n` (`id`, `elementId`, `locale`, `slug`, `uri`, `enabled`, `dateCreated`, `dateUpdated`, `uid`) VALUES ('30', '28', 'en_us', '', NULL, '1', '2015-03-08 07:39:19', '2015-03-10 22:57:07', '0a154b5a-5e88-4701-9c62-bbe4c77676cc');
INSERT INTO `craft_elements_i18n` (`id`, `elementId`, `locale`, `slug`, `uri`, `enabled`, `dateCreated`, `dateUpdated`, `uid`) VALUES ('31', '29', 'en_us', '', NULL, '1', '2015-03-08 07:39:19', '2015-03-10 22:57:07', '5004a856-6a87-4673-8451-45d15d2f89e2');
INSERT INTO `craft_elements_i18n` (`id`, `elementId`, `locale`, `slug`, `uri`, `enabled`, `dateCreated`, `dateUpdated`, `uid`) VALUES ('32', '30', 'en_us', '', NULL, '1', '2015-03-10 01:46:31', '2015-03-10 22:50:15', 'cbea00ba-4ddc-407c-a2b9-450b3f0d6a76');
INSERT INTO `craft_elements_i18n` (`id`, `elementId`, `locale`, `slug`, `uri`, `enabled`, `dateCreated`, `dateUpdated`, `uid`) VALUES ('33', '31', 'en_us', '', NULL, '1', '2015-03-10 01:46:31', '2015-03-10 22:50:15', '56fd88b5-b7ca-44c3-8824-944073d5964f');
INSERT INTO `craft_elements_i18n` (`id`, `elementId`, `locale`, `slug`, `uri`, `enabled`, `dateCreated`, `dateUpdated`, `uid`) VALUES ('34', '32', 'en_us', '', NULL, '1', '2015-03-10 01:46:31', '2015-03-10 22:50:15', '53824a1c-596a-4fef-adfa-d6e5c7e80a2d');
INSERT INTO `craft_elements_i18n` (`id`, `elementId`, `locale`, `slug`, `uri`, `enabled`, `dateCreated`, `dateUpdated`, `uid`) VALUES ('35', '33', 'en_us', '', NULL, '1', '2015-03-10 01:46:31', '2015-03-10 22:50:15', 'd10d463b-a999-4a3d-8a1a-c4c34921e783');
INSERT INTO `craft_elements_i18n` (`id`, `elementId`, `locale`, `slug`, `uri`, `enabled`, `dateCreated`, `dateUpdated`, `uid`) VALUES ('36', '34', 'en_us', '', NULL, '1', '2015-03-10 01:46:31', '2015-03-10 22:50:15', '87605dba-57ba-4f74-85a5-9bb77d018a32');
INSERT INTO `craft_elements_i18n` (`id`, `elementId`, `locale`, `slug`, `uri`, `enabled`, `dateCreated`, `dateUpdated`, `uid`) VALUES ('37', '35', 'en_us', '', NULL, '1', '2015-03-10 01:46:31', '2015-03-10 22:50:15', '376aef83-2abb-439f-81e1-e516683d6680');
INSERT INTO `craft_elements_i18n` (`id`, `elementId`, `locale`, `slug`, `uri`, `enabled`, `dateCreated`, `dateUpdated`, `uid`) VALUES ('38', '36', 'en_us', '', NULL, '1', '2015-03-10 01:46:31', '2015-03-10 22:50:15', 'd520fc3a-3c94-4c38-9927-f345b8dfa03a');
INSERT INTO `craft_elements_i18n` (`id`, `elementId`, `locale`, `slug`, `uri`, `enabled`, `dateCreated`, `dateUpdated`, `uid`) VALUES ('39', '37', 'en_us', '', NULL, '1', '2015-03-10 01:46:31', '2015-03-10 22:50:15', 'f5ad4ca2-ec77-4554-844d-22a1205f32c7');
INSERT INTO `craft_elements_i18n` (`id`, `elementId`, `locale`, `slug`, `uri`, `enabled`, `dateCreated`, `dateUpdated`, `uid`) VALUES ('40', '38', 'en_us', '', NULL, '1', '2015-03-10 01:46:31', '2015-03-10 22:50:15', '54effd0f-9c6e-4e43-9f1a-4f3682af78cb');
INSERT INTO `craft_elements_i18n` (`id`, `elementId`, `locale`, `slug`, `uri`, `enabled`, `dateCreated`, `dateUpdated`, `uid`) VALUES ('41', '39', 'en_us', '', NULL, '1', '2015-03-10 01:46:31', '2015-03-10 22:50:15', '9ea3c561-e594-4858-b315-5b1be1b73b29');
INSERT INTO `craft_elements_i18n` (`id`, `elementId`, `locale`, `slug`, `uri`, `enabled`, `dateCreated`, `dateUpdated`, `uid`) VALUES ('42', '40', 'en_us', '', NULL, '1', '2015-03-10 01:46:31', '2015-03-10 22:50:15', 'a7cb7121-c6c1-4c21-bfce-ec3af82080d8');
INSERT INTO `craft_elements_i18n` (`id`, `elementId`, `locale`, `slug`, `uri`, `enabled`, `dateCreated`, `dateUpdated`, `uid`) VALUES ('43', '41', 'en_us', '', NULL, '1', '2015-03-10 01:46:31', '2015-03-10 22:50:15', '46470241-280a-45e2-86a5-1da07150f983');
INSERT INTO `craft_elements_i18n` (`id`, `elementId`, `locale`, `slug`, `uri`, `enabled`, `dateCreated`, `dateUpdated`, `uid`) VALUES ('44', '42', 'en_us', '', NULL, '1', '2015-03-10 01:46:31', '2015-03-10 22:50:15', '37682fcf-ae65-49a3-b9f2-491167e9c872');
INSERT INTO `craft_elements_i18n` (`id`, `elementId`, `locale`, `slug`, `uri`, `enabled`, `dateCreated`, `dateUpdated`, `uid`) VALUES ('45', '43', 'en_us', '', NULL, '1', '2015-03-10 01:46:31', '2015-03-10 22:50:15', 'cc9a0c45-2489-4315-a2b5-03901e5c6888');
INSERT INTO `craft_elements_i18n` (`id`, `elementId`, `locale`, `slug`, `uri`, `enabled`, `dateCreated`, `dateUpdated`, `uid`) VALUES ('46', '44', 'en_us', '', NULL, '1', '2015-03-10 01:46:31', '2015-03-10 22:50:15', 'ee6af80a-c176-45fd-9c0a-d79b4a5cc844');
INSERT INTO `craft_elements_i18n` (`id`, `elementId`, `locale`, `slug`, `uri`, `enabled`, `dateCreated`, `dateUpdated`, `uid`) VALUES ('47', '45', 'en_us', '', NULL, '1', '2015-03-10 01:46:31', '2015-03-10 22:50:15', 'f703be87-b250-45b2-8380-5ed5e1880676');
INSERT INTO `craft_elements_i18n` (`id`, `elementId`, `locale`, `slug`, `uri`, `enabled`, `dateCreated`, `dateUpdated`, `uid`) VALUES ('48', '46', 'en_us', '', NULL, '1', '2015-03-10 01:46:31', '2015-03-10 22:50:15', 'e2db7607-819f-4ed3-a546-2f5f4bc012ab');
INSERT INTO `craft_elements_i18n` (`id`, `elementId`, `locale`, `slug`, `uri`, `enabled`, `dateCreated`, `dateUpdated`, `uid`) VALUES ('49', '47', 'en_us', '', NULL, '1', '2015-03-10 01:46:31', '2015-03-10 22:50:15', 'e1bfc66b-049c-4f32-b89c-aebc09931635');
INSERT INTO `craft_elements_i18n` (`id`, `elementId`, `locale`, `slug`, `uri`, `enabled`, `dateCreated`, `dateUpdated`, `uid`) VALUES ('50', '48', 'en_us', '', NULL, '1', '2015-03-10 01:46:31', '2015-03-10 22:50:15', '1bf17023-ecf6-463e-8a0f-970b70274e31');
INSERT INTO `craft_elements_i18n` (`id`, `elementId`, `locale`, `slug`, `uri`, `enabled`, `dateCreated`, `dateUpdated`, `uid`) VALUES ('51', '49', 'en_us', '', NULL, '1', '2015-03-10 01:46:31', '2015-03-10 22:50:15', '57f0fcc4-de39-4c98-9e2b-4ff7011020a4');
INSERT INTO `craft_elements_i18n` (`id`, `elementId`, `locale`, `slug`, `uri`, `enabled`, `dateCreated`, `dateUpdated`, `uid`) VALUES ('52', '50', 'en_us', '', NULL, '1', '2015-03-10 22:50:15', '2015-03-10 22:50:15', 'bf73e011-7986-40ad-a2f8-ab7c0d972766');
INSERT INTO `craft_elements_i18n` (`id`, `elementId`, `locale`, `slug`, `uri`, `enabled`, `dateCreated`, `dateUpdated`, `uid`) VALUES ('53', '51', 'en_us', '', NULL, '1', '2015-03-10 22:50:15', '2015-03-10 22:50:15', '40936576-14f1-43ee-a06a-4bd08f9a83b9');
INSERT INTO `craft_elements_i18n` (`id`, `elementId`, `locale`, `slug`, `uri`, `enabled`, `dateCreated`, `dateUpdated`, `uid`) VALUES ('54', '52', 'en_us', '', NULL, '1', '2015-03-10 22:50:15', '2015-03-10 22:50:15', 'f2410328-9a8e-4d2f-ba39-83a520201fa0');
INSERT INTO `craft_elements_i18n` (`id`, `elementId`, `locale`, `slug`, `uri`, `enabled`, `dateCreated`, `dateUpdated`, `uid`) VALUES ('55', '53', 'en_us', '', NULL, '1', '2015-03-10 22:50:15', '2015-03-10 22:50:15', '8e69f6f4-b746-4a3a-9252-6a3812c32651');
INSERT INTO `craft_elements_i18n` (`id`, `elementId`, `locale`, `slug`, `uri`, `enabled`, `dateCreated`, `dateUpdated`, `uid`) VALUES ('56', '54', 'en_us', '', NULL, '1', '2015-03-10 22:56:00', '2015-03-10 22:57:07', 'cf016a95-64ac-46fd-beba-cfac37476351');
INSERT INTO `craft_elements_i18n` (`id`, `elementId`, `locale`, `slug`, `uri`, `enabled`, `dateCreated`, `dateUpdated`, `uid`) VALUES ('57', '55', 'en_us', '', NULL, '1', '2015-03-10 22:56:00', '2015-03-10 22:57:07', 'f84bedcd-e603-41a4-8b44-25fb6baf919a');
INSERT INTO `craft_elements_i18n` (`id`, `elementId`, `locale`, `slug`, `uri`, `enabled`, `dateCreated`, `dateUpdated`, `uid`) VALUES ('58', '56', 'en_us', '', NULL, '1', '2015-03-10 22:56:00', '2015-03-10 22:57:07', 'f671ab37-58e9-4d0a-80b7-8ab4212e2fa3');
INSERT INTO `craft_elements_i18n` (`id`, `elementId`, `locale`, `slug`, `uri`, `enabled`, `dateCreated`, `dateUpdated`, `uid`) VALUES ('59', '57', 'en_us', '', NULL, '1', '2015-03-10 22:56:00', '2015-03-10 22:57:07', '58cf1cea-dce7-424c-8a2b-76f6e74359f0');
INSERT INTO `craft_elements_i18n` (`id`, `elementId`, `locale`, `slug`, `uri`, `enabled`, `dateCreated`, `dateUpdated`, `uid`) VALUES ('60', '58', 'en_us', '', NULL, '1', '2015-03-10 22:56:00', '2015-03-10 22:57:07', '3a120e7d-645a-431a-a1a3-b346044721b4');
INSERT INTO `craft_elements_i18n` (`id`, `elementId`, `locale`, `slug`, `uri`, `enabled`, `dateCreated`, `dateUpdated`, `uid`) VALUES ('61', '59', 'en_us', '', NULL, '1', '2015-03-10 22:56:00', '2015-03-10 22:57:07', 'fef628ca-0b31-4cc6-84df-65d7c5975b95');
INSERT INTO `craft_elements_i18n` (`id`, `elementId`, `locale`, `slug`, `uri`, `enabled`, `dateCreated`, `dateUpdated`, `uid`) VALUES ('62', '60', 'en_us', '', NULL, '1', '2015-03-10 22:56:00', '2015-03-10 22:57:07', '0b4097b0-cb92-4589-af7c-b1e439dc7baf');
INSERT INTO `craft_elements_i18n` (`id`, `elementId`, `locale`, `slug`, `uri`, `enabled`, `dateCreated`, `dateUpdated`, `uid`) VALUES ('63', '61', 'en_us', '', NULL, '1', '2015-03-10 22:56:00', '2015-03-10 22:57:07', 'aa6b2d21-6815-486e-8010-34dcaaa33225');



DROP TABLE IF EXISTS `craft_emailmessages`;


--
-- Schema for table `craft_emailmessages`
--
CREATE TABLE `craft_emailmessages` (
  `id` int(11) NOT NULL AUTO_INCREMENT,
  `key` char(150) COLLATE utf8_unicode_ci NOT NULL,
  `locale` char(12) COLLATE utf8_unicode_ci NOT NULL,
  `subject` varchar(1000) COLLATE utf8_unicode_ci NOT NULL,
  `body` text COLLATE utf8_unicode_ci NOT NULL,
  `dateCreated` datetime NOT NULL,
  `dateUpdated` datetime NOT NULL,
  `uid` char(36) COLLATE utf8_unicode_ci NOT NULL DEFAULT '0',
  PRIMARY KEY (`id`),
  UNIQUE KEY `craft_emailmessages_key_locale_unq_idx` (`key`,`locale`),
  KEY `craft_emailmessages_locale_fk` (`locale`)
) ENGINE=InnoDB DEFAULT CHARSET=utf8 COLLATE=utf8_unicode_ci;

DROP TABLE IF EXISTS `craft_entries`;


--
-- Schema for table `craft_entries`
--
CREATE TABLE `craft_entries` (
  `id` int(11) NOT NULL,
  `sectionId` int(11) NOT NULL,
  `typeId` int(11) DEFAULT NULL,
  `authorId` int(11) DEFAULT NULL,
  `postDate` datetime DEFAULT NULL,
  `expiryDate` datetime DEFAULT NULL,
  `dateCreated` datetime NOT NULL,
  `dateUpdated` datetime NOT NULL,
  `uid` char(36) COLLATE utf8_unicode_ci NOT NULL DEFAULT '0',
  PRIMARY KEY (`id`),
  KEY `craft_entries_sectionId_idx` (`sectionId`),
  KEY `craft_entries_typeId_idx` (`typeId`),
  KEY `craft_entries_postDate_idx` (`postDate`),
  KEY `craft_entries_expiryDate_idx` (`expiryDate`),
  KEY `craft_entries_authorId_fk` (`authorId`)
) ENGINE=InnoDB DEFAULT CHARSET=utf8 COLLATE=utf8_unicode_ci;

--
-- Data for table `craft_entries`
--

INSERT INTO `craft_entries` (`id`, `sectionId`, `typeId`, `authorId`, `postDate`, `expiryDate`, `dateCreated`, `dateUpdated`, `uid`) VALUES ('2', '1', '1', '1', '2015-03-07 14:11:00', NULL, '2015-03-07 04:18:17', '2015-03-10 22:50:15', '37528615-e5bf-4824-b681-fac82094a437');
INSERT INTO `craft_entries` (`id`, `sectionId`, `typeId`, `authorId`, `postDate`, `expiryDate`, `dateCreated`, `dateUpdated`, `uid`) VALUES ('19', '1', '1', '1', '2015-03-08 07:11:00', NULL, '2015-03-08 07:11:43', '2015-03-10 22:57:07', 'ce50dd3e-d452-4b6b-9b09-ece0761e5acf');



DROP TABLE IF EXISTS `craft_entrydrafts`;


--
-- Schema for table `craft_entrydrafts`
--
CREATE TABLE `craft_entrydrafts` (
  `id` int(11) NOT NULL AUTO_INCREMENT,
  `entryId` int(11) NOT NULL,
  `sectionId` int(11) NOT NULL,
  `creatorId` int(11) NOT NULL,
  `locale` char(12) COLLATE utf8_unicode_ci NOT NULL,
  `name` varchar(255) COLLATE utf8_unicode_ci NOT NULL,
  `notes` tinytext COLLATE utf8_unicode_ci,
  `data` mediumtext COLLATE utf8_unicode_ci NOT NULL,
  `dateCreated` datetime NOT NULL,
  `dateUpdated` datetime NOT NULL,
  `uid` char(36) COLLATE utf8_unicode_ci NOT NULL DEFAULT '0',
  PRIMARY KEY (`id`),
  KEY `craft_entrydrafts_entryId_locale_idx` (`entryId`,`locale`),
  KEY `craft_entrydrafts_sectionId_fk` (`sectionId`),
  KEY `craft_entrydrafts_creatorId_fk` (`creatorId`),
  KEY `craft_entrydrafts_locale_fk` (`locale`)
) ENGINE=InnoDB DEFAULT CHARSET=utf8 COLLATE=utf8_unicode_ci;

DROP TABLE IF EXISTS `craft_entrytypes`;


--
-- Schema for table `craft_entrytypes`
--
CREATE TABLE `craft_entrytypes` (
  `id` int(11) NOT NULL AUTO_INCREMENT,
  `sectionId` int(11) NOT NULL,
  `fieldLayoutId` int(11) DEFAULT NULL,
  `name` varchar(255) COLLATE utf8_unicode_ci NOT NULL,
  `handle` varchar(255) COLLATE utf8_unicode_ci NOT NULL,
  `hasTitleField` tinyint(1) unsigned NOT NULL DEFAULT '1',
  `titleLabel` varchar(255) COLLATE utf8_unicode_ci DEFAULT 'Title',
  `titleFormat` varchar(255) COLLATE utf8_unicode_ci DEFAULT NULL,
  `sortOrder` tinyint(4) DEFAULT NULL,
  `dateCreated` datetime NOT NULL,
  `dateUpdated` datetime NOT NULL,
  `uid` char(36) COLLATE utf8_unicode_ci NOT NULL DEFAULT '0',
  PRIMARY KEY (`id`),
  UNIQUE KEY `craft_entrytypes_name_sectionId_unq_idx` (`name`,`sectionId`),
  UNIQUE KEY `craft_entrytypes_handle_sectionId_unq_idx` (`handle`,`sectionId`),
  KEY `craft_entrytypes_sectionId_fk` (`sectionId`),
  KEY `craft_entrytypes_fieldLayoutId_fk` (`fieldLayoutId`)
) ENGINE=InnoDB AUTO_INCREMENT=2 DEFAULT CHARSET=utf8 COLLATE=utf8_unicode_ci;

--
-- Data for table `craft_entrytypes`
--

INSERT INTO `craft_entrytypes` (`id`, `sectionId`, `fieldLayoutId`, `name`, `handle`, `hasTitleField`, `titleLabel`, `titleFormat`, `sortOrder`, `dateCreated`, `dateUpdated`, `uid`) VALUES ('1', '1', '60', 'GHomepage', 'homepage', '1', 'Full Name', NULL, NULL, '2015-03-07 04:18:17', '2015-03-08 06:57:31', 'f76db532-04ed-40c2-89d4-bef9ec936640');



DROP TABLE IF EXISTS `craft_entryversions`;


--
-- Schema for table `craft_entryversions`
--
CREATE TABLE `craft_entryversions` (
  `id` int(11) NOT NULL AUTO_INCREMENT,
  `entryId` int(11) NOT NULL,
  `sectionId` int(11) NOT NULL,
  `creatorId` int(11) DEFAULT NULL,
  `locale` char(12) COLLATE utf8_unicode_ci NOT NULL,
  `num` smallint(6) unsigned NOT NULL,
  `notes` tinytext COLLATE utf8_unicode_ci,
  `data` mediumtext COLLATE utf8_unicode_ci NOT NULL,
  `dateCreated` datetime NOT NULL,
  `dateUpdated` datetime NOT NULL,
  `uid` char(36) COLLATE utf8_unicode_ci NOT NULL DEFAULT '0',
  PRIMARY KEY (`id`),
  KEY `craft_entryversions_entryId_locale_idx` (`entryId`,`locale`),
  KEY `craft_entryversions_sectionId_fk` (`sectionId`),
  KEY `craft_entryversions_creatorId_fk` (`creatorId`),
  KEY `craft_entryversions_locale_fk` (`locale`)
) ENGINE=InnoDB DEFAULT CHARSET=utf8 COLLATE=utf8_unicode_ci;

DROP TABLE IF EXISTS `craft_fieldgroups`;


--
-- Schema for table `craft_fieldgroups`
--
CREATE TABLE `craft_fieldgroups` (
  `id` int(11) NOT NULL AUTO_INCREMENT,
  `name` varchar(255) COLLATE utf8_unicode_ci NOT NULL,
  `dateCreated` datetime NOT NULL,
  `dateUpdated` datetime NOT NULL,
  `uid` char(36) COLLATE utf8_unicode_ci NOT NULL DEFAULT '0',
  PRIMARY KEY (`id`),
  UNIQUE KEY `craft_fieldgroups_name_unq_idx` (`name`)
) ENGINE=InnoDB AUTO_INCREMENT=2 DEFAULT CHARSET=utf8 COLLATE=utf8_unicode_ci;

--
-- Data for table `craft_fieldgroups`
--

INSERT INTO `craft_fieldgroups` (`id`, `name`, `dateCreated`, `dateUpdated`, `uid`) VALUES ('1', 'Default', '2015-03-07 04:18:17', '2015-03-07 04:18:17', '20d0b3c0-e1c3-4ba1-8258-808332239fba');



DROP TABLE IF EXISTS `craft_fieldlayoutfields`;


--
-- Schema for table `craft_fieldlayoutfields`
--
CREATE TABLE `craft_fieldlayoutfields` (
  `id` int(11) NOT NULL AUTO_INCREMENT,
  `layoutId` int(11) NOT NULL,
  `tabId` int(11) NOT NULL,
  `fieldId` int(11) NOT NULL,
  `required` tinyint(1) unsigned NOT NULL DEFAULT '0',
  `sortOrder` tinyint(4) DEFAULT NULL,
  `dateCreated` datetime NOT NULL,
  `dateUpdated` datetime NOT NULL,
  `uid` char(36) COLLATE utf8_unicode_ci NOT NULL DEFAULT '0',
  PRIMARY KEY (`id`),
  UNIQUE KEY `craft_fieldlayoutfields_layoutId_fieldId_unq_idx` (`layoutId`,`fieldId`),
  KEY `craft_fieldlayoutfields_sortOrder_idx` (`sortOrder`),
  KEY `craft_fieldlayoutfields_tabId_fk` (`tabId`),
  KEY `craft_fieldlayoutfields_fieldId_fk` (`fieldId`)
) ENGINE=InnoDB AUTO_INCREMENT=156 DEFAULT CHARSET=utf8 COLLATE=utf8_unicode_ci;

--
-- Data for table `craft_fieldlayoutfields`
--

INSERT INTO `craft_fieldlayoutfields` (`id`, `layoutId`, `tabId`, `fieldId`, `required`, `sortOrder`, `dateCreated`, `dateUpdated`, `uid`) VALUES ('2', '5', '2', '1', '1', '1', '2015-03-07 04:18:17', '2015-03-07 04:18:17', '4a8b0e45-0d81-48c0-9da9-b7cbe400c9a9');
INSERT INTO `craft_fieldlayoutfields` (`id`, `layoutId`, `tabId`, `fieldId`, `required`, `sortOrder`, `dateCreated`, `dateUpdated`, `uid`) VALUES ('3', '5', '2', '2', '0', '2', '2015-03-07 04:18:17', '2015-03-07 04:18:17', 'd33aa218-e12e-4066-a007-d48d548b4215');
INSERT INTO `craft_fieldlayoutfields` (`id`, `layoutId`, `tabId`, `fieldId`, `required`, `sortOrder`, `dateCreated`, `dateUpdated`, `uid`) VALUES ('127', '53', '52', '5', '1', '1', '2015-03-08 05:40:28', '2015-03-08 05:40:28', 'ba37620e-0732-4a5a-9c90-0f463184cdc3');
INSERT INTO `craft_fieldlayoutfields` (`id`, `layoutId`, `tabId`, `fieldId`, `required`, `sortOrder`, `dateCreated`, `dateUpdated`, `uid`) VALUES ('128', '54', '53', '6', '0', '1', '2015-03-08 05:40:28', '2015-03-08 05:40:28', '87eb6225-0b75-40cc-b45e-3ead36b390c4');
INSERT INTO `craft_fieldlayoutfields` (`id`, `layoutId`, `tabId`, `fieldId`, `required`, `sortOrder`, `dateCreated`, `dateUpdated`, `uid`) VALUES ('129', '55', '54', '7', '0', '1', '2015-03-08 05:40:28', '2015-03-08 05:40:28', '1d6edcc9-5230-496d-98ff-736c81f726e3');
INSERT INTO `craft_fieldlayoutfields` (`id`, `layoutId`, `tabId`, `fieldId`, `required`, `sortOrder`, `dateCreated`, `dateUpdated`, `uid`) VALUES ('130', '55', '54', '8', '0', '2', '2015-03-08 05:40:28', '2015-03-08 05:40:28', '44d12e6a-3b3e-4cec-87bc-0f1aa3cb1dbe');
INSERT INTO `craft_fieldlayoutfields` (`id`, `layoutId`, `tabId`, `fieldId`, `required`, `sortOrder`, `dateCreated`, `dateUpdated`, `uid`) VALUES ('131', '56', '55', '9', '0', '1', '2015-03-08 05:40:28', '2015-03-08 05:40:28', '19613025-9a59-4f3e-9ce2-7ecfe4686e78');
INSERT INTO `craft_fieldlayoutfields` (`id`, `layoutId`, `tabId`, `fieldId`, `required`, `sortOrder`, `dateCreated`, `dateUpdated`, `uid`) VALUES ('132', '56', '55', '10', '0', '2', '2015-03-08 05:40:28', '2015-03-08 05:40:28', '6df07a37-3dc7-4b9c-af2c-621b3a5a32f8');
INSERT INTO `craft_fieldlayoutfields` (`id`, `layoutId`, `tabId`, `fieldId`, `required`, `sortOrder`, `dateCreated`, `dateUpdated`, `uid`) VALUES ('133', '56', '55', '11', '0', '3', '2015-03-08 05:40:29', '2015-03-08 05:40:29', '565767b3-8047-43fc-a70f-31e74789d723');
INSERT INTO `craft_fieldlayoutfields` (`id`, `layoutId`, `tabId`, `fieldId`, `required`, `sortOrder`, `dateCreated`, `dateUpdated`, `uid`) VALUES ('134', '56', '55', '12', '0', '4', '2015-03-08 05:40:29', '2015-03-08 05:40:29', 'd002cb94-9156-486b-b139-60d9473b1bfc');
INSERT INTO `craft_fieldlayoutfields` (`id`, `layoutId`, `tabId`, `fieldId`, `required`, `sortOrder`, `dateCreated`, `dateUpdated`, `uid`) VALUES ('135', '56', '55', '13', '0', '5', '2015-03-08 05:40:29', '2015-03-08 05:40:29', '425a6110-3cfc-4ddb-8d61-f6db59b3e50d');
INSERT INTO `craft_fieldlayoutfields` (`id`, `layoutId`, `tabId`, `fieldId`, `required`, `sortOrder`, `dateCreated`, `dateUpdated`, `uid`) VALUES ('136', '57', '56', '14', '0', '1', '2015-03-08 05:40:29', '2015-03-08 05:40:29', '00f4a989-3756-4a86-a855-bf88ef110035');
INSERT INTO `craft_fieldlayoutfields` (`id`, `layoutId`, `tabId`, `fieldId`, `required`, `sortOrder`, `dateCreated`, `dateUpdated`, `uid`) VALUES ('137', '57', '56', '15', '0', '2', '2015-03-08 05:40:29', '2015-03-08 05:40:29', '4474a1a5-7a64-4ca9-a2fc-7e88d716261e');
INSERT INTO `craft_fieldlayoutfields` (`id`, `layoutId`, `tabId`, `fieldId`, `required`, `sortOrder`, `dateCreated`, `dateUpdated`, `uid`) VALUES ('138', '57', '56', '16', '0', '3', '2015-03-08 05:40:29', '2015-03-08 05:40:29', 'f97e69ce-94ee-4514-afdb-6ce5ba83f509');
INSERT INTO `craft_fieldlayoutfields` (`id`, `layoutId`, `tabId`, `fieldId`, `required`, `sortOrder`, `dateCreated`, `dateUpdated`, `uid`) VALUES ('139', '57', '56', '17', '0', '4', '2015-03-08 05:40:29', '2015-03-08 05:40:29', '8ddca600-c806-4378-8c4f-4513e42db02c');
INSERT INTO `craft_fieldlayoutfields` (`id`, `layoutId`, `tabId`, `fieldId`, `required`, `sortOrder`, `dateCreated`, `dateUpdated`, `uid`) VALUES ('140', '57', '56', '18', '0', '5', '2015-03-08 05:40:29', '2015-03-08 05:40:29', '788fbf5c-0329-4e2c-8e15-f0ddc5e392af');
INSERT INTO `craft_fieldlayoutfields` (`id`, `layoutId`, `tabId`, `fieldId`, `required`, `sortOrder`, `dateCreated`, `dateUpdated`, `uid`) VALUES ('141', '57', '56', '19', '0', '6', '2015-03-08 05:40:29', '2015-03-08 05:40:29', '8b3fc0f2-cf74-456f-8e30-066864c800ad');
INSERT INTO `craft_fieldlayoutfields` (`id`, `layoutId`, `tabId`, `fieldId`, `required`, `sortOrder`, `dateCreated`, `dateUpdated`, `uid`) VALUES ('142', '58', '57', '20', '0', '1', '2015-03-08 05:40:29', '2015-03-08 05:40:29', '776e82f2-fcda-49b5-9519-f4a6a2ebe685');
INSERT INTO `craft_fieldlayoutfields` (`id`, `layoutId`, `tabId`, `fieldId`, `required`, `sortOrder`, `dateCreated`, `dateUpdated`, `uid`) VALUES ('143', '58', '57', '21', '0', '2', '2015-03-08 05:40:29', '2015-03-08 05:40:29', '24bc97ae-6be1-4d7d-a22e-562d972f2207');
INSERT INTO `craft_fieldlayoutfields` (`id`, `layoutId`, `tabId`, `fieldId`, `required`, `sortOrder`, `dateCreated`, `dateUpdated`, `uid`) VALUES ('150', '60', '60', '23', '0', '1', '2015-03-08 06:57:31', '2015-03-08 06:57:31', '4ca21309-ed79-4904-9be7-1fe385bdac54');
INSERT INTO `craft_fieldlayoutfields` (`id`, `layoutId`, `tabId`, `fieldId`, `required`, `sortOrder`, `dateCreated`, `dateUpdated`, `uid`) VALUES ('151', '60', '60', '24', '0', '2', '2015-03-08 06:57:31', '2015-03-08 06:57:31', '414df46b-d6b7-40ce-b755-49a5926d9379');
INSERT INTO `craft_fieldlayoutfields` (`id`, `layoutId`, `tabId`, `fieldId`, `required`, `sortOrder`, `dateCreated`, `dateUpdated`, `uid`) VALUES ('152', '60', '60', '25', '0', '3', '2015-03-08 06:57:31', '2015-03-08 06:57:31', '464a3e5b-ede3-4d1d-b232-947da5711796');
INSERT INTO `craft_fieldlayoutfields` (`id`, `layoutId`, `tabId`, `fieldId`, `required`, `sortOrder`, `dateCreated`, `dateUpdated`, `uid`) VALUES ('153', '60', '61', '3', '1', '1', '2015-03-08 06:57:31', '2015-03-08 06:57:31', '0ad824fc-68dd-41b7-81ab-acfe802c3fbd');
INSERT INTO `craft_fieldlayoutfields` (`id`, `layoutId`, `tabId`, `fieldId`, `required`, `sortOrder`, `dateCreated`, `dateUpdated`, `uid`) VALUES ('154', '60', '62', '22', '1', '1', '2015-03-08 06:57:31', '2015-03-08 06:57:31', '5773b9c4-2c34-48c3-9c1f-146e1061967f');
INSERT INTO `craft_fieldlayoutfields` (`id`, `layoutId`, `tabId`, `fieldId`, `required`, `sortOrder`, `dateCreated`, `dateUpdated`, `uid`) VALUES ('155', '60', '62', '26', '0', '2', '2015-03-08 06:57:31', '2015-03-08 06:57:31', '29fd7813-bf1b-4c77-858b-812fda6b33c3');



DROP TABLE IF EXISTS `craft_fieldlayouts`;


--
-- Schema for table `craft_fieldlayouts`
--
CREATE TABLE `craft_fieldlayouts` (
  `id` int(11) NOT NULL AUTO_INCREMENT,
  `type` varchar(150) COLLATE utf8_unicode_ci NOT NULL,
  `dateCreated` datetime NOT NULL,
  `dateUpdated` datetime NOT NULL,
  `uid` char(36) COLLATE utf8_unicode_ci NOT NULL DEFAULT '0',
  PRIMARY KEY (`id`),
  KEY `craft_fieldlayouts_type_idx` (`type`)
) ENGINE=InnoDB AUTO_INCREMENT=61 DEFAULT CHARSET=utf8 COLLATE=utf8_unicode_ci;

--
-- Data for table `craft_fieldlayouts`
--

INSERT INTO `craft_fieldlayouts` (`id`, `type`, `dateCreated`, `dateUpdated`, `uid`) VALUES ('1', 'Tag', '2015-03-07 04:18:17', '2015-03-07 04:18:17', '0ace4bdb-ce9b-44f8-8a5b-0adf54d3ea24');
INSERT INTO `craft_fieldlayouts` (`id`, `type`, `dateCreated`, `dateUpdated`, `uid`) VALUES ('5', 'Entry', '2015-03-07 04:18:17', '2015-03-07 04:18:17', '455f069c-58b2-499e-a5ef-e62b19928d3f');
INSERT INTO `craft_fieldlayouts` (`id`, `type`, `dateCreated`, `dateUpdated`, `uid`) VALUES ('37', 'Entry', '2015-03-07 14:08:57', '2015-03-07 14:08:57', 'dd5476ff-4122-4177-a9aa-e01724830a19');
INSERT INTO `craft_fieldlayouts` (`id`, `type`, `dateCreated`, `dateUpdated`, `uid`) VALUES ('53', 'MatrixBlock', '2015-03-08 05:40:28', '2015-03-08 05:40:28', '96b1bb31-02b7-4102-9a17-5be5db081dc9');
INSERT INTO `craft_fieldlayouts` (`id`, `type`, `dateCreated`, `dateUpdated`, `uid`) VALUES ('54', 'MatrixBlock', '2015-03-08 05:40:28', '2015-03-08 05:40:28', 'f28eb501-f847-4b8e-8780-9e4ac28e0edc');
INSERT INTO `craft_fieldlayouts` (`id`, `type`, `dateCreated`, `dateUpdated`, `uid`) VALUES ('55', 'MatrixBlock', '2015-03-08 05:40:28', '2015-03-08 05:40:28', 'e0f79c5c-3b3c-4dd4-b7a7-9e21d49cac48');
INSERT INTO `craft_fieldlayouts` (`id`, `type`, `dateCreated`, `dateUpdated`, `uid`) VALUES ('56', 'MatrixBlock', '2015-03-08 05:40:28', '2015-03-08 05:40:28', 'e667add5-be7d-47b3-9420-be069536759a');
INSERT INTO `craft_fieldlayouts` (`id`, `type`, `dateCreated`, `dateUpdated`, `uid`) VALUES ('57', 'MatrixBlock', '2015-03-08 05:40:29', '2015-03-08 05:40:29', 'e564e02d-5066-4de7-af01-1e5e17e04268');
INSERT INTO `craft_fieldlayouts` (`id`, `type`, `dateCreated`, `dateUpdated`, `uid`) VALUES ('58', 'MatrixBlock', '2015-03-08 05:40:29', '2015-03-08 05:40:29', 'e2d3e1ec-7a81-4185-a52b-3352c3866e17');
INSERT INTO `craft_fieldlayouts` (`id`, `type`, `dateCreated`, `dateUpdated`, `uid`) VALUES ('60', 'Entry', '2015-03-08 06:57:31', '2015-03-08 06:57:31', '729e4d40-6837-4f3a-8c13-e3ad08960741');



DROP TABLE IF EXISTS `craft_fieldlayouttabs`;


--
-- Schema for table `craft_fieldlayouttabs`
--
CREATE TABLE `craft_fieldlayouttabs` (
  `id` int(11) NOT NULL AUTO_INCREMENT,
  `layoutId` int(11) NOT NULL,
  `name` varchar(255) COLLATE utf8_unicode_ci NOT NULL,
  `sortOrder` tinyint(4) DEFAULT NULL,
  `dateCreated` datetime NOT NULL,
  `dateUpdated` datetime NOT NULL,
  `uid` char(36) COLLATE utf8_unicode_ci NOT NULL DEFAULT '0',
  PRIMARY KEY (`id`),
  KEY `craft_fieldlayouttabs_sortOrder_idx` (`sortOrder`),
  KEY `craft_fieldlayouttabs_layoutId_fk` (`layoutId`)
) ENGINE=InnoDB AUTO_INCREMENT=63 DEFAULT CHARSET=utf8 COLLATE=utf8_unicode_ci;

--
-- Data for table `craft_fieldlayouttabs`
--

INSERT INTO `craft_fieldlayouttabs` (`id`, `layoutId`, `name`, `sortOrder`, `dateCreated`, `dateUpdated`, `uid`) VALUES ('2', '5', 'Content', '1', '2015-03-07 04:18:17', '2015-03-07 04:18:17', '4a0566fe-2c01-4565-84ee-fcacfd048f8c');
INSERT INTO `craft_fieldlayouttabs` (`id`, `layoutId`, `name`, `sortOrder`, `dateCreated`, `dateUpdated`, `uid`) VALUES ('52', '53', 'Content', '1', '2015-03-08 05:40:28', '2015-03-08 05:40:28', '30bcd8e7-597a-42f2-85b8-99f12bc23ca5');
INSERT INTO `craft_fieldlayouttabs` (`id`, `layoutId`, `name`, `sortOrder`, `dateCreated`, `dateUpdated`, `uid`) VALUES ('53', '54', 'Content', '1', '2015-03-08 05:40:28', '2015-03-08 05:40:28', '0234ade1-794c-407c-a875-52f76e194faa');
INSERT INTO `craft_fieldlayouttabs` (`id`, `layoutId`, `name`, `sortOrder`, `dateCreated`, `dateUpdated`, `uid`) VALUES ('54', '55', 'Content', '1', '2015-03-08 05:40:28', '2015-03-08 05:40:28', 'bac9a6c1-bcb4-4fdc-9c84-28f98da18464');
INSERT INTO `craft_fieldlayouttabs` (`id`, `layoutId`, `name`, `sortOrder`, `dateCreated`, `dateUpdated`, `uid`) VALUES ('55', '56', 'Content', '1', '2015-03-08 05:40:28', '2015-03-08 05:40:28', 'fc58b33f-1272-4936-91a7-f3992ffcb241');
INSERT INTO `craft_fieldlayouttabs` (`id`, `layoutId`, `name`, `sortOrder`, `dateCreated`, `dateUpdated`, `uid`) VALUES ('56', '57', 'Content', '1', '2015-03-08 05:40:29', '2015-03-08 05:40:29', '35cbcb40-c03c-4980-9a5a-8abbf14221ab');
INSERT INTO `craft_fieldlayouttabs` (`id`, `layoutId`, `name`, `sortOrder`, `dateCreated`, `dateUpdated`, `uid`) VALUES ('57', '58', 'Content', '1', '2015-03-08 05:40:29', '2015-03-08 05:40:29', 'ee124107-a2c0-4a74-ab26-85f141910188');
INSERT INTO `craft_fieldlayouttabs` (`id`, `layoutId`, `name`, `sortOrder`, `dateCreated`, `dateUpdated`, `uid`) VALUES ('60', '60', 'Basic Info', '1', '2015-03-08 06:57:31', '2015-03-08 06:57:31', '0cfdbb4e-6525-4856-af1e-9e4ed89480ed');
INSERT INTO `craft_fieldlayouttabs` (`id`, `layoutId`, `name`, `sortOrder`, `dateCreated`, `dateUpdated`, `uid`) VALUES ('61', '60', 'Resume', '2', '2015-03-08 06:57:31', '2015-03-08 06:57:31', 'fdd06c40-74c8-4640-b979-8254976da4f7');
INSERT INTO `craft_fieldlayouttabs` (`id`, `layoutId`, `name`, `sortOrder`, `dateCreated`, `dateUpdated`, `uid`) VALUES ('62', '60', 'Settings', '3', '2015-03-08 06:57:31', '2015-03-08 06:57:31', '7101045c-1734-4715-890e-a80cfbc22b44');



DROP TABLE IF EXISTS `craft_fields`;


--
-- Schema for table `craft_fields`
--
CREATE TABLE `craft_fields` (
  `id` int(11) NOT NULL AUTO_INCREMENT,
  `groupId` int(11) DEFAULT NULL,
  `name` varchar(255) COLLATE utf8_unicode_ci NOT NULL,
  `handle` varchar(58) COLLATE utf8_unicode_ci NOT NULL,
  `context` varchar(255) COLLATE utf8_unicode_ci NOT NULL DEFAULT 'global',
  `instructions` text COLLATE utf8_unicode_ci,
  `translatable` tinyint(1) unsigned NOT NULL DEFAULT '0',
  `type` varchar(150) COLLATE utf8_unicode_ci NOT NULL,
  `settings` text COLLATE utf8_unicode_ci,
  `dateCreated` datetime NOT NULL,
  `dateUpdated` datetime NOT NULL,
  `uid` char(36) COLLATE utf8_unicode_ci NOT NULL DEFAULT '0',
  PRIMARY KEY (`id`),
  UNIQUE KEY `craft_fields_handle_context_unq_idx` (`handle`,`context`),
  KEY `craft_fields_context_idx` (`context`),
  KEY `craft_fields_groupId_fk` (`groupId`)
) ENGINE=InnoDB AUTO_INCREMENT=27 DEFAULT CHARSET=utf8 COLLATE=utf8_unicode_ci;

--
-- Data for table `craft_fields`
--

INSERT INTO `craft_fields` (`id`, `groupId`, `name`, `handle`, `context`, `instructions`, `translatable`, `type`, `settings`, `dateCreated`, `dateUpdated`, `uid`) VALUES ('1', '1', 'Body', 'body', 'global', NULL, '1', 'RichText', '{\"configFile\":\"Standard.json\",\"columnType\":\"text\"}', '2015-03-07 04:18:17', '2015-03-07 04:18:17', '98a69d94-8845-4e75-a790-a8349847ad4f');
INSERT INTO `craft_fields` (`id`, `groupId`, `name`, `handle`, `context`, `instructions`, `translatable`, `type`, `settings`, `dateCreated`, `dateUpdated`, `uid`) VALUES ('2', '1', 'Tags', 'tags', 'global', NULL, '0', 'Tags', '{\"source\":\"taggroup:1\"}', '2015-03-07 04:18:17', '2015-03-07 04:18:17', 'ce87aa87-1e37-434b-a3a7-26849040f991');
INSERT INTO `craft_fields` (`id`, `groupId`, `name`, `handle`, `context`, `instructions`, `translatable`, `type`, `settings`, `dateCreated`, `dateUpdated`, `uid`) VALUES ('3', '1', 'Resume Blocks', 'resumeBlocks', 'global', '', '0', 'Matrix', '{\"maxBlocks\":null}', '2015-03-07 04:35:10', '2015-03-08 05:40:28', '59e0cbb3-e5c1-4202-aded-220aecef6e07');
INSERT INTO `craft_fields` (`id`, `groupId`, `name`, `handle`, `context`, `instructions`, `translatable`, `type`, `settings`, `dateCreated`, `dateUpdated`, `uid`) VALUES ('5', NULL, 'Heading', 'heading', 'matrixBlockType:1', 'A Heading', '0', 'PlainText', '{\"placeholder\":\"e.g. About\",\"maxLength\":\"\",\"multiline\":\"\",\"initialRows\":\"4\"}', '2015-03-07 04:38:34', '2015-03-08 05:40:28', 'afbe8279-652f-48ee-983f-65a2bcc79c87');
INSERT INTO `craft_fields` (`id`, `groupId`, `name`, `handle`, `context`, `instructions`, `translatable`, `type`, `settings`, `dateCreated`, `dateUpdated`, `uid`) VALUES ('6', NULL, 'Body', 'body', 'matrixBlockType:2', 'The main body for this text block', '0', 'RichText', '{\"configFile\":\"\",\"cleanupHtml\":\"1\",\"purifyHtml\":\"\",\"columnType\":\"text\"}', '2015-03-07 04:38:34', '2015-03-08 05:40:28', 'bb855769-7e53-4719-99d3-1291dc1ea6cd');
INSERT INTO `craft_fields` (`id`, `groupId`, `name`, `handle`, `context`, `instructions`, `translatable`, `type`, `settings`, `dateCreated`, `dateUpdated`, `uid`) VALUES ('7', NULL, 'Skill Title', 'skillTitle', 'matrixBlockType:3', 'The title of your skill', '0', 'PlainText', '{\"placeholder\":\"\",\"maxLength\":\"\",\"multiline\":\"\",\"initialRows\":\"4\"}', '2015-03-07 04:46:54', '2015-03-08 05:40:28', '246ac786-a0a2-4cc2-9753-faf42e7db69d');
INSERT INTO `craft_fields` (`id`, `groupId`, `name`, `handle`, `context`, `instructions`, `translatable`, `type`, `settings`, `dateCreated`, `dateUpdated`, `uid`) VALUES ('8', NULL, 'Skill Percentage', 'skillPercentage', 'matrixBlockType:3', 'From 0 - 100, how proficient you are', '0', 'Number', '{\"min\":\"0\",\"max\":\"100\",\"decimals\":\"0\"}', '2015-03-07 04:46:54', '2015-03-08 05:40:28', '465b0663-a60a-44ba-9868-6299b27b2e73');
INSERT INTO `craft_fields` (`id`, `groupId`, `name`, `handle`, `context`, `instructions`, `translatable`, `type`, `settings`, `dateCreated`, `dateUpdated`, `uid`) VALUES ('9', NULL, 'School Name', 'schoolName', 'matrixBlockType:4', '', '0', 'PlainText', '{\"placeholder\":\"e.g. University of Oklahoma\",\"maxLength\":\"\",\"multiline\":\"\",\"initialRows\":\"4\"}', '2015-03-07 04:49:55', '2015-03-08 05:40:28', 'a1c9e1f0-740b-49c8-a06a-14405ce4a443');
INSERT INTO `craft_fields` (`id`, `groupId`, `name`, `handle`, `context`, `instructions`, `translatable`, `type`, `settings`, `dateCreated`, `dateUpdated`, `uid`) VALUES ('10', NULL, 'School Location', 'schoolLocation', 'matrixBlockType:4', '', '0', 'PlainText', '{\"placeholder\":\"e.g. Norman, OK\",\"maxLength\":\"\",\"multiline\":\"\",\"initialRows\":\"4\"}', '2015-03-07 04:49:55', '2015-03-08 05:40:28', 'b01e6431-581e-4b15-870d-2c1b6ea3029b');
INSERT INTO `craft_fields` (`id`, `groupId`, `name`, `handle`, `context`, `instructions`, `translatable`, `type`, `settings`, `dateCreated`, `dateUpdated`, `uid`) VALUES ('11', NULL, 'Degree Title', 'degreeTitle', 'matrixBlockType:4', '', '0', 'PlainText', '{\"placeholder\":\"e.g. Bachelor of Science\",\"maxLength\":\"\",\"multiline\":\"\",\"initialRows\":\"4\"}', '2015-03-07 04:49:55', '2015-03-08 05:40:28', '129a5baa-a91b-4c89-bb3a-ca5118cfa43c');
INSERT INTO `craft_fields` (`id`, `groupId`, `name`, `handle`, `context`, `instructions`, `translatable`, `type`, `settings`, `dateCreated`, `dateUpdated`, `uid`) VALUES ('12', NULL, 'Attendance Dates', 'attendanceDates', 'matrixBlockType:4', '', '0', 'PlainText', '{\"placeholder\":\"e.g. August 2008 - May 2012\",\"maxLength\":\"\",\"multiline\":\"\",\"initialRows\":\"4\"}', '2015-03-07 04:49:55', '2015-03-08 05:40:28', '5e9f447d-cf2f-4c03-9e6e-ebe07ae771fe');
INSERT INTO `craft_fields` (`id`, `groupId`, `name`, `handle`, `context`, `instructions`, `translatable`, `type`, `settings`, `dateCreated`, `dateUpdated`, `uid`) VALUES ('13', NULL, 'Main Content', 'mainContent', 'matrixBlockType:4', 'The main body that you wish to write about what you did at this school.', '0', 'RichText', '{\"configFile\":\"\",\"cleanupHtml\":\"1\",\"purifyHtml\":\"\",\"columnType\":\"text\"}', '2015-03-07 04:49:55', '2015-03-08 05:40:28', '5ea67989-623f-4c1b-b05d-4b3a1b0101f6');
INSERT INTO `craft_fields` (`id`, `groupId`, `name`, `handle`, `context`, `instructions`, `translatable`, `type`, `settings`, `dateCreated`, `dateUpdated`, `uid`) VALUES ('14', NULL, 'Company name', 'companyName', 'matrixBlockType:5', '', '0', 'PlainText', '{\"placeholder\":\"\",\"maxLength\":\"\",\"multiline\":\"\",\"initialRows\":\"4\"}', '2015-03-07 04:51:35', '2015-03-08 05:40:29', '30f68721-b84b-4481-af19-8dce25d3560d');
INSERT INTO `craft_fields` (`id`, `groupId`, `name`, `handle`, `context`, `instructions`, `translatable`, `type`, `settings`, `dateCreated`, `dateUpdated`, `uid`) VALUES ('15', NULL, 'Company Website', 'companyWebsite', 'matrixBlockType:5', '', '0', 'PlainText', '{\"placeholder\":\"\",\"maxLength\":\"\",\"multiline\":\"\",\"initialRows\":\"4\"}', '2015-03-07 04:51:35', '2015-03-08 05:40:29', 'd77a7ce8-8506-448a-90bc-8f425f273d60');
INSERT INTO `craft_fields` (`id`, `groupId`, `name`, `handle`, `context`, `instructions`, `translatable`, `type`, `settings`, `dateCreated`, `dateUpdated`, `uid`) VALUES ('16', NULL, 'Company Location', 'companyLocation', 'matrixBlockType:5', '', '0', 'PlainText', '{\"placeholder\":\"e.g. Oklahoma City, OK\",\"maxLength\":\"\",\"multiline\":\"\",\"initialRows\":\"4\"}', '2015-03-07 04:51:35', '2015-03-08 05:40:29', '6e129f3a-b85f-4131-95fc-e202a39a8a73');
INSERT INTO `craft_fields` (`id`, `groupId`, `name`, `handle`, `context`, `instructions`, `translatable`, `type`, `settings`, `dateCreated`, `dateUpdated`, `uid`) VALUES ('17', NULL, 'Job Title', 'jobTitle', 'matrixBlockType:5', '', '0', 'PlainText', '{\"placeholder\":\"\",\"maxLength\":\"\",\"multiline\":\"\",\"initialRows\":\"4\"}', '2015-03-07 04:51:35', '2015-03-08 05:40:29', '5e7c1a3c-fb71-4178-8ece-e873e7e0d0cc');
INSERT INTO `craft_fields` (`id`, `groupId`, `name`, `handle`, `context`, `instructions`, `translatable`, `type`, `settings`, `dateCreated`, `dateUpdated`, `uid`) VALUES ('18', NULL, 'Dates Employed', 'datesEmployed', 'matrixBlockType:5', '', '0', 'PlainText', '{\"placeholder\":\"e.g. August 2008 - January 2012\",\"maxLength\":\"\",\"multiline\":\"\",\"initialRows\":\"4\"}', '2015-03-07 04:51:35', '2015-03-08 05:40:29', 'f513dbac-d077-49f1-9d17-7ca2343506c6');
INSERT INTO `craft_fields` (`id`, `groupId`, `name`, `handle`, `context`, `instructions`, `translatable`, `type`, `settings`, `dateCreated`, `dateUpdated`, `uid`) VALUES ('19', NULL, 'Main Content', 'mainContent', 'matrixBlockType:5', 'The main body that you wish to write about what you did at this job.', '0', 'RichText', '{\"configFile\":\"\",\"cleanupHtml\":\"1\",\"purifyHtml\":\"\",\"columnType\":\"text\"}', '2015-03-07 04:51:35', '2015-03-08 05:40:29', 'c667b680-8bdb-4574-a436-74f70b26caa0');
INSERT INTO `craft_fields` (`id`, `groupId`, `name`, `handle`, `context`, `instructions`, `translatable`, `type`, `settings`, `dateCreated`, `dateUpdated`, `uid`) VALUES ('20', NULL, 'List Title', 'listTitle', 'matrixBlockType:6', 'Title of your list.', '0', 'PlainText', '{\"placeholder\":\"\",\"maxLength\":\"\",\"multiline\":\"\",\"initialRows\":\"4\"}', '2015-03-07 13:53:50', '2015-03-08 05:40:29', 'f080972b-de4b-4ebe-90b8-c1dc5a3bb815');
INSERT INTO `craft_fields` (`id`, `groupId`, `name`, `handle`, `context`, `instructions`, `translatable`, `type`, `settings`, `dateCreated`, `dateUpdated`, `uid`) VALUES ('21', NULL, 'List Body', 'listBody', 'matrixBlockType:6', 'Body of your list.', '0', 'RichText', '{\"configFile\":\"\",\"cleanupHtml\":\"1\",\"purifyHtml\":\"\",\"columnType\":\"text\"}', '2015-03-07 13:53:50', '2015-03-08 05:40:29', '71317842-4cbf-4e25-b59e-0e913fb93ab4');
INSERT INTO `craft_fields` (`id`, `groupId`, `name`, `handle`, `context`, `instructions`, `translatable`, `type`, `settings`, `dateCreated`, `dateUpdated`, `uid`) VALUES ('22', '1', 'Theme', 'theme', 'global', 'The design theme for your template', '0', 'Dropdown', '{\"options\":[{\"label\":\"Cerulean\",\"value\":\"cerulean\",\"default\":\"\"},{\"label\":\"Cosmo\",\"value\":\"cosmo\",\"default\":\"\"},{\"label\":\"Custom\",\"value\":\"custom\",\"default\":\"\"},{\"label\":\"Cyborg\",\"value\":\"cyborg\",\"default\":\"\"},{\"label\":\"Darkly\",\"value\":\"darkly\",\"default\":\"\"},{\"label\":\"Flatly\",\"value\":\"flatly\",\"default\":\"\"},{\"label\":\"Journal\",\"value\":\"journal\",\"default\":\"\"},{\"label\":\"Lumen\",\"value\":\"lumen\",\"default\":\"\"},{\"label\":\"Paper\",\"value\":\"paper\",\"default\":\"\"},{\"label\":\"Readable\",\"value\":\"readable\",\"default\":\"\"},{\"label\":\"Sandstone\",\"value\":\"sandstone\",\"default\":\"\"},{\"label\":\"Simplex\",\"value\":\"simplex\",\"default\":\"\"},{\"label\":\"Slate\",\"value\":\"slate\",\"default\":\"\"},{\"label\":\"Spacelab\",\"value\":\"spacelab\",\"default\":\"1\"},{\"label\":\"Superhero\",\"value\":\"superhero\",\"default\":\"\"},{\"label\":\"United\",\"value\":\"united\",\"default\":\"\"},{\"label\":\"Yeti\",\"value\":\"yeti\",\"default\":\"\"}]}', '2015-03-07 13:55:19', '2015-03-07 14:00:54', '388a1cf0-91d1-46e9-864e-6177844d9933');
INSERT INTO `craft_fields` (`id`, `groupId`, `name`, `handle`, `context`, `instructions`, `translatable`, `type`, `settings`, `dateCreated`, `dateUpdated`, `uid`) VALUES ('23', '1', 'Web Site', 'webSite', 'global', 'An optional personal web site to link to yourself', '0', 'PlainText', '{\"placeholder\":\"http:\\/\\/somewhere.com\",\"maxLength\":\"\",\"multiline\":\"\",\"initialRows\":\"4\"}', '2015-03-07 14:05:27', '2015-03-07 14:05:27', 'b1728805-d5d0-44a4-a498-b609f35b1361');
INSERT INTO `craft_fields` (`id`, `groupId`, `name`, `handle`, `context`, `instructions`, `translatable`, `type`, `settings`, `dateCreated`, `dateUpdated`, `uid`) VALUES ('24', '1', 'Email Address', 'emailAddress', 'global', 'Your personal email address', '0', 'PlainText', '{\"placeholder\":\"e.g. example@gmail.com\",\"maxLength\":\"\",\"multiline\":\"\",\"initialRows\":\"4\"}', '2015-03-07 14:05:45', '2015-03-07 14:05:45', 'c5ff41e6-e696-45f2-b7c3-9ae40be874bc');
INSERT INTO `craft_fields` (`id`, `groupId`, `name`, `handle`, `context`, `instructions`, `translatable`, `type`, `settings`, `dateCreated`, `dateUpdated`, `uid`) VALUES ('25', '1', 'Phone Number', 'phoneNumber', 'global', 'Optional phone number to display', '0', 'PlainText', '{\"placeholder\":\"e.g. 555.555.5555 -or- 555-555-5555\",\"maxLength\":\"\",\"multiline\":\"\",\"initialRows\":\"4\"}', '2015-03-07 14:06:41', '2015-03-07 14:06:41', '7f7aa23e-bcb7-4e8b-825b-28bcd7f1e639');
INSERT INTO `craft_fields` (`id`, `groupId`, `name`, `handle`, `context`, `instructions`, `translatable`, `type`, `settings`, `dateCreated`, `dateUpdated`, `uid`) VALUES ('26', '1', 'Google Analytics ID', 'googleAnalyticsID', 'global', 'Optional. Google Analytics is a way to track how many viewers have viewed your site (and a lot more). Learn more at http://www.google.com/analytics/', '0', 'PlainText', '{\"placeholder\":\"e.g. UA-12345678-9\",\"maxLength\":\"\",\"multiline\":\"\",\"initialRows\":\"4\"}', '2015-03-08 06:50:10', '2015-03-08 06:55:57', '3ad3daad-89f2-418a-89e5-a493884e8ba9');



DROP TABLE IF EXISTS `craft_globalsets`;


--
-- Schema for table `craft_globalsets`
--
CREATE TABLE `craft_globalsets` (
  `id` int(11) NOT NULL,
  `name` varchar(255) COLLATE utf8_unicode_ci NOT NULL,
  `handle` varchar(255) COLLATE utf8_unicode_ci NOT NULL,
  `fieldLayoutId` int(10) DEFAULT NULL,
  `dateCreated` datetime NOT NULL,
  `dateUpdated` datetime NOT NULL,
  `uid` char(36) COLLATE utf8_unicode_ci NOT NULL DEFAULT '0',
  PRIMARY KEY (`id`),
  UNIQUE KEY `craft_globalsets_name_unq_idx` (`name`),
  UNIQUE KEY `craft_globalsets_handle_unq_idx` (`handle`),
  KEY `craft_globalsets_fieldLayoutId_fk` (`fieldLayoutId`)
) ENGINE=InnoDB DEFAULT CHARSET=utf8 COLLATE=utf8_unicode_ci;

DROP TABLE IF EXISTS `craft_info`;


--
-- Schema for table `craft_info`
--
CREATE TABLE `craft_info` (
  `id` int(11) NOT NULL AUTO_INCREMENT,
  `version` varchar(15) COLLATE utf8_unicode_ci NOT NULL,
  `build` int(11) unsigned NOT NULL,
  `schemaVersion` varchar(15) COLLATE utf8_unicode_ci NOT NULL,
  `releaseDate` datetime NOT NULL,
  `edition` tinyint(1) unsigned NOT NULL DEFAULT '0',
  `siteName` varchar(100) COLLATE utf8_unicode_ci NOT NULL,
  `siteUrl` varchar(255) COLLATE utf8_unicode_ci NOT NULL,
  `timezone` varchar(30) COLLATE utf8_unicode_ci DEFAULT NULL,
  `on` tinyint(1) unsigned NOT NULL DEFAULT '0',
  `maintenance` tinyint(1) unsigned NOT NULL DEFAULT '0',
  `track` varchar(40) COLLATE utf8_unicode_ci NOT NULL,
  `dateCreated` datetime NOT NULL,
  `dateUpdated` datetime NOT NULL,
  `uid` char(36) COLLATE utf8_unicode_ci NOT NULL DEFAULT '0',
  PRIMARY KEY (`id`)
) ENGINE=InnoDB AUTO_INCREMENT=2 DEFAULT CHARSET=utf8 COLLATE=utf8_unicode_ci;

--
-- Data for table `craft_info`
--

INSERT INTO `craft_info` (`id`, `version`, `build`, `schemaVersion`, `releaseDate`, `edition`, `siteName`, `siteUrl`, `timezone`, `on`, `maintenance`, `track`, `dateCreated`, `dateUpdated`, `uid`) VALUES ('1', '2.3', '2636', '2.3.4', '2015-02-26 21:22:08', '0', 'Resume', 'http://localhost:8000', 'UTC', '1', '1', 'stable', '2015-03-07 04:18:16', '2015-03-13 14:02:45', 'cd96bb24-2fc0-40c8-9883-d19d2a5fe159');



DROP TABLE IF EXISTS `craft_locales`;


--
-- Schema for table `craft_locales`
--
CREATE TABLE `craft_locales` (
  `locale` char(12) COLLATE utf8_unicode_ci NOT NULL,
  `sortOrder` tinyint(4) DEFAULT NULL,
  `dateCreated` datetime NOT NULL,
  `dateUpdated` datetime NOT NULL,
  `uid` char(36) COLLATE utf8_unicode_ci NOT NULL DEFAULT '0',
  PRIMARY KEY (`locale`),
  KEY `craft_locales_sortOrder_idx` (`sortOrder`)
) ENGINE=InnoDB DEFAULT CHARSET=utf8 COLLATE=utf8_unicode_ci;

--
-- Data for table `craft_locales`
--

INSERT INTO `craft_locales` (`locale`, `sortOrder`, `dateCreated`, `dateUpdated`, `uid`) VALUES ('en_us', '1', '2015-03-07 04:18:16', '2015-03-07 04:18:16', '5c40e9cb-7114-4a81-bb5a-7e41c1d1b25e');



DROP TABLE IF EXISTS `craft_matrixblocks`;


--
-- Schema for table `craft_matrixblocks`
--
CREATE TABLE `craft_matrixblocks` (
  `id` int(11) NOT NULL,
  `ownerId` int(11) NOT NULL,
  `fieldId` int(11) NOT NULL,
  `typeId` int(11) DEFAULT NULL,
  `sortOrder` tinyint(4) DEFAULT NULL,
  `ownerLocale` char(12) COLLATE utf8_unicode_ci DEFAULT NULL,
  `dateCreated` datetime NOT NULL,
  `dateUpdated` datetime NOT NULL,
  `uid` char(36) COLLATE utf8_unicode_ci NOT NULL DEFAULT '0',
  PRIMARY KEY (`id`),
  KEY `craft_matrixblocks_ownerId_idx` (`ownerId`),
  KEY `craft_matrixblocks_fieldId_idx` (`fieldId`),
  KEY `craft_matrixblocks_typeId_idx` (`typeId`),
  KEY `craft_matrixblocks_sortOrder_idx` (`sortOrder`),
  KEY `craft_matrixblocks_ownerLocale_fk` (`ownerLocale`)
) ENGINE=InnoDB DEFAULT CHARSET=utf8 COLLATE=utf8_unicode_ci;

--
-- Data for table `craft_matrixblocks`
--

INSERT INTO `craft_matrixblocks` (`id`, `ownerId`, `fieldId`, `typeId`, `sortOrder`, `ownerLocale`, `dateCreated`, `dateUpdated`, `uid`) VALUES ('4', '2', '3', '1', '1', NULL, '2015-03-07 04:43:38', '2015-03-10 22:50:15', '5dff9036-1a6a-4f34-8864-1ae5657404f1');
INSERT INTO `craft_matrixblocks` (`id`, `ownerId`, `fieldId`, `typeId`, `sortOrder`, `ownerLocale`, `dateCreated`, `dateUpdated`, `uid`) VALUES ('5', '2', '3', '2', '2', NULL, '2015-03-07 04:43:38', '2015-03-10 22:50:15', '886e7dbc-95f6-488a-a364-a234f536ab25');
INSERT INTO `craft_matrixblocks` (`id`, `ownerId`, `fieldId`, `typeId`, `sortOrder`, `ownerLocale`, `dateCreated`, `dateUpdated`, `uid`) VALUES ('7', '2', '3', '1', '3', NULL, '2015-03-07 14:17:07', '2015-03-10 22:50:15', 'b4d7a5c8-1ecc-40ac-9cb7-4fd2c4e5e448');
INSERT INTO `craft_matrixblocks` (`id`, `ownerId`, `fieldId`, `typeId`, `sortOrder`, `ownerLocale`, `dateCreated`, `dateUpdated`, `uid`) VALUES ('8', '2', '3', '4', '4', NULL, '2015-03-07 14:17:07', '2015-03-10 22:50:15', 'f9416a6f-7655-4045-917f-2133be2a1d9a');
INSERT INTO `craft_matrixblocks` (`id`, `ownerId`, `fieldId`, `typeId`, `sortOrder`, `ownerLocale`, `dateCreated`, `dateUpdated`, `uid`) VALUES ('9', '2', '3', '4', '5', NULL, '2015-03-07 14:17:56', '2015-03-10 22:50:15', 'd9821b6b-d7a3-4d0d-af2a-e12700252c85');
INSERT INTO `craft_matrixblocks` (`id`, `ownerId`, `fieldId`, `typeId`, `sortOrder`, `ownerLocale`, `dateCreated`, `dateUpdated`, `uid`) VALUES ('10', '2', '3', '1', '6', NULL, '2015-03-07 14:18:15', '2015-03-10 22:50:15', 'f47ecb97-cc35-42a3-8727-3981d74ac1e1');
INSERT INTO `craft_matrixblocks` (`id`, `ownerId`, `fieldId`, `typeId`, `sortOrder`, `ownerLocale`, `dateCreated`, `dateUpdated`, `uid`) VALUES ('11', '2', '3', '5', '7', NULL, '2015-03-07 14:21:15', '2015-03-10 22:50:15', '82170227-0471-45a0-aeb4-aec3e25c7712');
INSERT INTO `craft_matrixblocks` (`id`, `ownerId`, `fieldId`, `typeId`, `sortOrder`, `ownerLocale`, `dateCreated`, `dateUpdated`, `uid`) VALUES ('12', '2', '3', '1', '12', NULL, '2015-03-07 14:22:39', '2015-03-10 22:50:15', 'b8c6c874-3b2a-40a5-b710-44bfbd8afb99');
INSERT INTO `craft_matrixblocks` (`id`, `ownerId`, `fieldId`, `typeId`, `sortOrder`, `ownerLocale`, `dateCreated`, `dateUpdated`, `uid`) VALUES ('13', '2', '3', '3', '13', NULL, '2015-03-07 14:22:39', '2015-03-10 22:50:15', '075619a0-da05-4b0f-95a3-589c5c769efc');
INSERT INTO `craft_matrixblocks` (`id`, `ownerId`, `fieldId`, `typeId`, `sortOrder`, `ownerLocale`, `dateCreated`, `dateUpdated`, `uid`) VALUES ('14', '2', '3', '3', '14', NULL, '2015-03-07 14:22:39', '2015-03-10 22:50:15', '0a88d967-0641-4519-9806-9c4d92a7dfab');
INSERT INTO `craft_matrixblocks` (`id`, `ownerId`, `fieldId`, `typeId`, `sortOrder`, `ownerLocale`, `dateCreated`, `dateUpdated`, `uid`) VALUES ('15', '2', '3', '1', '35', NULL, '2015-03-07 14:24:10', '2015-03-10 22:50:15', '589a45a9-5311-44c0-a6c0-f510bbfe89ab');
INSERT INTO `craft_matrixblocks` (`id`, `ownerId`, `fieldId`, `typeId`, `sortOrder`, `ownerLocale`, `dateCreated`, `dateUpdated`, `uid`) VALUES ('16', '2', '3', '6', '36', NULL, '2015-03-07 14:24:10', '2015-03-10 22:50:15', 'd04d6f9e-b80a-417b-8bb8-be4016a494da');
INSERT INTO `craft_matrixblocks` (`id`, `ownerId`, `fieldId`, `typeId`, `sortOrder`, `ownerLocale`, `dateCreated`, `dateUpdated`, `uid`) VALUES ('17', '2', '3', '6', '37', NULL, '2015-03-07 14:24:10', '2015-03-10 22:50:15', 'ccaccfd3-a06f-4fef-b841-91235995cc1f');
INSERT INTO `craft_matrixblocks` (`id`, `ownerId`, `fieldId`, `typeId`, `sortOrder`, `ownerLocale`, `dateCreated`, `dateUpdated`, `uid`) VALUES ('18', '2', '3', '6', '38', NULL, '2015-03-07 14:24:10', '2015-03-10 22:50:15', '444e436d-beea-4e9c-ab03-72658e57e07f');
INSERT INTO `craft_matrixblocks` (`id`, `ownerId`, `fieldId`, `typeId`, `sortOrder`, `ownerLocale`, `dateCreated`, `dateUpdated`, `uid`) VALUES ('20', '19', '3', '1', '1', NULL, '2015-03-08 07:11:43', '2015-03-10 22:57:07', '2debeeb8-a7a6-46dd-b928-a37158535440');
INSERT INTO `craft_matrixblocks` (`id`, `ownerId`, `fieldId`, `typeId`, `sortOrder`, `ownerLocale`, `dateCreated`, `dateUpdated`, `uid`) VALUES ('21', '19', '3', '2', '2', NULL, '2015-03-08 07:18:17', '2015-03-10 22:57:07', '69b03018-d44a-4b18-b8c4-3b1380592823');
INSERT INTO `craft_matrixblocks` (`id`, `ownerId`, `fieldId`, `typeId`, `sortOrder`, `ownerLocale`, `dateCreated`, `dateUpdated`, `uid`) VALUES ('22', '19', '3', '1', '3', NULL, '2015-03-08 07:28:33', '2015-03-10 22:57:07', 'f3c4db0e-cb4b-4012-bec7-2864e83130b5');
INSERT INTO `craft_matrixblocks` (`id`, `ownerId`, `fieldId`, `typeId`, `sortOrder`, `ownerLocale`, `dateCreated`, `dateUpdated`, `uid`) VALUES ('23', '19', '3', '4', '5', NULL, '2015-03-08 07:28:33', '2015-03-10 22:57:07', 'beb8d505-02fb-4ebc-a000-26ae90c9ce79');
INSERT INTO `craft_matrixblocks` (`id`, `ownerId`, `fieldId`, `typeId`, `sortOrder`, `ownerLocale`, `dateCreated`, `dateUpdated`, `uid`) VALUES ('24', '19', '3', '4', '4', NULL, '2015-03-08 07:28:33', '2015-03-10 22:57:07', '29ec272a-3cec-4e51-b7bd-da0088e99aa9');
INSERT INTO `craft_matrixblocks` (`id`, `ownerId`, `fieldId`, `typeId`, `sortOrder`, `ownerLocale`, `dateCreated`, `dateUpdated`, `uid`) VALUES ('25', '19', '3', '1', '6', NULL, '2015-03-08 07:39:19', '2015-03-10 22:57:07', '6621221a-2d00-4d1d-b10d-1c3f57ef2236');
INSERT INTO `craft_matrixblocks` (`id`, `ownerId`, `fieldId`, `typeId`, `sortOrder`, `ownerLocale`, `dateCreated`, `dateUpdated`, `uid`) VALUES ('26', '19', '3', '5', '7', NULL, '2015-03-08 07:39:19', '2015-03-10 22:57:07', '5eb8ea9b-5e45-4d2c-87cf-00747c3ac203');
INSERT INTO `craft_matrixblocks` (`id`, `ownerId`, `fieldId`, `typeId`, `sortOrder`, `ownerLocale`, `dateCreated`, `dateUpdated`, `uid`) VALUES ('27', '19', '3', '5', '8', NULL, '2015-03-08 07:39:19', '2015-03-10 22:57:07', '873322ba-34ad-4563-8df7-d33525008bd9');
INSERT INTO `craft_matrixblocks` (`id`, `ownerId`, `fieldId`, `typeId`, `sortOrder`, `ownerLocale`, `dateCreated`, `dateUpdated`, `uid`) VALUES ('28', '19', '3', '5', '9', NULL, '2015-03-08 07:39:19', '2015-03-10 22:57:07', '2e27e2bb-2277-4f90-b2cf-ba864cf4b326');
INSERT INTO `craft_matrixblocks` (`id`, `ownerId`, `fieldId`, `typeId`, `sortOrder`, `ownerLocale`, `dateCreated`, `dateUpdated`, `uid`) VALUES ('29', '19', '3', '5', '10', NULL, '2015-03-08 07:39:19', '2015-03-10 22:57:07', 'e74dd75c-dd6c-4432-9197-c30d40f98924');
INSERT INTO `craft_matrixblocks` (`id`, `ownerId`, `fieldId`, `typeId`, `sortOrder`, `ownerLocale`, `dateCreated`, `dateUpdated`, `uid`) VALUES ('30', '2', '3', '3', '15', NULL, '2015-03-10 01:46:31', '2015-03-10 22:50:15', 'd7e5662d-fe8c-4a73-a194-c7a2940d2c51');
INSERT INTO `craft_matrixblocks` (`id`, `ownerId`, `fieldId`, `typeId`, `sortOrder`, `ownerLocale`, `dateCreated`, `dateUpdated`, `uid`) VALUES ('31', '2', '3', '3', '16', NULL, '2015-03-10 01:46:31', '2015-03-10 22:50:15', 'dd354158-ee13-421d-a083-4943d0ef1a5f');
INSERT INTO `craft_matrixblocks` (`id`, `ownerId`, `fieldId`, `typeId`, `sortOrder`, `ownerLocale`, `dateCreated`, `dateUpdated`, `uid`) VALUES ('32', '2', '3', '3', '17', NULL, '2015-03-10 01:46:31', '2015-03-10 22:50:15', 'd9ade752-e184-47fd-b400-c8c830e27768');
INSERT INTO `craft_matrixblocks` (`id`, `ownerId`, `fieldId`, `typeId`, `sortOrder`, `ownerLocale`, `dateCreated`, `dateUpdated`, `uid`) VALUES ('33', '2', '3', '3', '18', NULL, '2015-03-10 01:46:31', '2015-03-10 22:50:15', '200270b1-6f14-408e-b3f4-3e4603590642');
INSERT INTO `craft_matrixblocks` (`id`, `ownerId`, `fieldId`, `typeId`, `sortOrder`, `ownerLocale`, `dateCreated`, `dateUpdated`, `uid`) VALUES ('34', '2', '3', '3', '19', NULL, '2015-03-10 01:46:31', '2015-03-10 22:50:15', 'a0bf2327-566d-4226-8a1d-c27cbf81c672');
INSERT INTO `craft_matrixblocks` (`id`, `ownerId`, `fieldId`, `typeId`, `sortOrder`, `ownerLocale`, `dateCreated`, `dateUpdated`, `uid`) VALUES ('35', '2', '3', '3', '20', NULL, '2015-03-10 01:46:31', '2015-03-10 22:50:15', '27bdc5f7-66d2-4564-a5ec-cb3167d7d4a6');
INSERT INTO `craft_matrixblocks` (`id`, `ownerId`, `fieldId`, `typeId`, `sortOrder`, `ownerLocale`, `dateCreated`, `dateUpdated`, `uid`) VALUES ('36', '2', '3', '3', '21', NULL, '2015-03-10 01:46:31', '2015-03-10 22:50:15', '94af21a9-2275-4b9b-b989-d11ebba52cb1');
INSERT INTO `craft_matrixblocks` (`id`, `ownerId`, `fieldId`, `typeId`, `sortOrder`, `ownerLocale`, `dateCreated`, `dateUpdated`, `uid`) VALUES ('37', '2', '3', '3', '22', NULL, '2015-03-10 01:46:31', '2015-03-10 22:50:15', '025e57d2-057b-416a-b8c8-ee9e3abf00a1');
INSERT INTO `craft_matrixblocks` (`id`, `ownerId`, `fieldId`, `typeId`, `sortOrder`, `ownerLocale`, `dateCreated`, `dateUpdated`, `uid`) VALUES ('38', '2', '3', '3', '23', NULL, '2015-03-10 01:46:31', '2015-03-10 22:50:15', '5b5ccb01-22a1-43a0-9a00-8eb16edf6941');
INSERT INTO `craft_matrixblocks` (`id`, `ownerId`, `fieldId`, `typeId`, `sortOrder`, `ownerLocale`, `dateCreated`, `dateUpdated`, `uid`) VALUES ('39', '2', '3', '3', '24', NULL, '2015-03-10 01:46:31', '2015-03-10 22:50:15', 'f0fd82a6-cd0b-4285-9fe1-865f6d7eb2e9');
INSERT INTO `craft_matrixblocks` (`id`, `ownerId`, `fieldId`, `typeId`, `sortOrder`, `ownerLocale`, `dateCreated`, `dateUpdated`, `uid`) VALUES ('40', '2', '3', '3', '25', NULL, '2015-03-10 01:46:31', '2015-03-10 22:50:15', 'a057be7a-4a35-415d-913c-8bbd1f47acd3');
INSERT INTO `craft_matrixblocks` (`id`, `ownerId`, `fieldId`, `typeId`, `sortOrder`, `ownerLocale`, `dateCreated`, `dateUpdated`, `uid`) VALUES ('41', '2', '3', '3', '26', NULL, '2015-03-10 01:46:31', '2015-03-10 22:50:15', '7311a74a-044c-4a42-b3f5-ef02a83f0043');
INSERT INTO `craft_matrixblocks` (`id`, `ownerId`, `fieldId`, `typeId`, `sortOrder`, `ownerLocale`, `dateCreated`, `dateUpdated`, `uid`) VALUES ('42', '2', '3', '3', '27', NULL, '2015-03-10 01:46:31', '2015-03-10 22:50:15', '6e360238-e9d3-4694-8789-4b63f50b5a3e');
INSERT INTO `craft_matrixblocks` (`id`, `ownerId`, `fieldId`, `typeId`, `sortOrder`, `ownerLocale`, `dateCreated`, `dateUpdated`, `uid`) VALUES ('43', '2', '3', '3', '28', NULL, '2015-03-10 01:46:31', '2015-03-10 22:50:15', '38a93362-d317-4903-9e7c-019b99dd6b62');
INSERT INTO `craft_matrixblocks` (`id`, `ownerId`, `fieldId`, `typeId`, `sortOrder`, `ownerLocale`, `dateCreated`, `dateUpdated`, `uid`) VALUES ('44', '2', '3', '3', '29', NULL, '2015-03-10 01:46:31', '2015-03-10 22:50:15', '888ba01e-36d5-42ac-a1f5-7d5eee5cf60a');
INSERT INTO `craft_matrixblocks` (`id`, `ownerId`, `fieldId`, `typeId`, `sortOrder`, `ownerLocale`, `dateCreated`, `dateUpdated`, `uid`) VALUES ('45', '2', '3', '3', '30', NULL, '2015-03-10 01:46:31', '2015-03-10 22:50:15', '4f849494-621d-4593-bf7d-8ee060c05886');
INSERT INTO `craft_matrixblocks` (`id`, `ownerId`, `fieldId`, `typeId`, `sortOrder`, `ownerLocale`, `dateCreated`, `dateUpdated`, `uid`) VALUES ('46', '2', '3', '3', '31', NULL, '2015-03-10 01:46:31', '2015-03-10 22:50:15', '9713b19f-d03b-45d9-8fd6-2e43f1232a7e');
INSERT INTO `craft_matrixblocks` (`id`, `ownerId`, `fieldId`, `typeId`, `sortOrder`, `ownerLocale`, `dateCreated`, `dateUpdated`, `uid`) VALUES ('47', '2', '3', '3', '32', NULL, '2015-03-10 01:46:31', '2015-03-10 22:50:15', 'd7426b6f-450d-4584-a784-b56de7e5c161');
INSERT INTO `craft_matrixblocks` (`id`, `ownerId`, `fieldId`, `typeId`, `sortOrder`, `ownerLocale`, `dateCreated`, `dateUpdated`, `uid`) VALUES ('48', '2', '3', '3', '33', NULL, '2015-03-10 01:46:31', '2015-03-10 22:50:15', '8f0959b5-bb13-4552-bdab-93f30f460872');
INSERT INTO `craft_matrixblocks` (`id`, `ownerId`, `fieldId`, `typeId`, `sortOrder`, `ownerLocale`, `dateCreated`, `dateUpdated`, `uid`) VALUES ('49', '2', '3', '3', '34', NULL, '2015-03-10 01:46:31', '2015-03-10 22:50:15', 'a677698b-5718-4ea6-8ef3-d2992812c3f6');
INSERT INTO `craft_matrixblocks` (`id`, `ownerId`, `fieldId`, `typeId`, `sortOrder`, `ownerLocale`, `dateCreated`, `dateUpdated`, `uid`) VALUES ('50', '2', '3', '5', '8', NULL, '2015-03-10 22:50:15', '2015-03-10 22:50:15', '64b95c88-fdbe-447d-b124-c0dec608b098');
INSERT INTO `craft_matrixblocks` (`id`, `ownerId`, `fieldId`, `typeId`, `sortOrder`, `ownerLocale`, `dateCreated`, `dateUpdated`, `uid`) VALUES ('51', '2', '3', '5', '9', NULL, '2015-03-10 22:50:15', '2015-03-10 22:50:15', 'ebc2f9cb-da7a-4c2c-82c1-615892657dec');
INSERT INTO `craft_matrixblocks` (`id`, `ownerId`, `fieldId`, `typeId`, `sortOrder`, `ownerLocale`, `dateCreated`, `dateUpdated`, `uid`) VALUES ('52', '2', '3', '5', '10', NULL, '2015-03-10 22:50:15', '2015-03-10 22:50:15', '74d589fb-7983-4b74-966f-f362d6f43b02');
INSERT INTO `craft_matrixblocks` (`id`, `ownerId`, `fieldId`, `typeId`, `sortOrder`, `ownerLocale`, `dateCreated`, `dateUpdated`, `uid`) VALUES ('53', '2', '3', '5', '11', NULL, '2015-03-10 22:50:15', '2015-03-10 22:50:15', 'fb52413c-21ca-4bb2-a806-30918cafb392');
INSERT INTO `craft_matrixblocks` (`id`, `ownerId`, `fieldId`, `typeId`, `sortOrder`, `ownerLocale`, `dateCreated`, `dateUpdated`, `uid`) VALUES ('54', '19', '3', '1', '11', NULL, '2015-03-10 22:56:00', '2015-03-10 22:57:07', '0eb06f67-3412-4794-b13a-404d582db810');
INSERT INTO `craft_matrixblocks` (`id`, `ownerId`, `fieldId`, `typeId`, `sortOrder`, `ownerLocale`, `dateCreated`, `dateUpdated`, `uid`) VALUES ('55', '19', '3', '5', '12', NULL, '2015-03-10 22:56:00', '2015-03-10 22:57:07', 'c35248ad-9bf8-49e6-82fc-ca00c136a182');
INSERT INTO `craft_matrixblocks` (`id`, `ownerId`, `fieldId`, `typeId`, `sortOrder`, `ownerLocale`, `dateCreated`, `dateUpdated`, `uid`) VALUES ('56', '19', '3', '5', '13', NULL, '2015-03-10 22:56:00', '2015-03-10 22:57:07', '2e5dc503-4f06-44ad-af07-ef35b5863ca3');
INSERT INTO `craft_matrixblocks` (`id`, `ownerId`, `fieldId`, `typeId`, `sortOrder`, `ownerLocale`, `dateCreated`, `dateUpdated`, `uid`) VALUES ('57', '19', '3', '5', '14', NULL, '2015-03-10 22:56:00', '2015-03-10 22:57:07', 'f8b52483-623c-4902-b425-14bcd787cceb');
INSERT INTO `craft_matrixblocks` (`id`, `ownerId`, `fieldId`, `typeId`, `sortOrder`, `ownerLocale`, `dateCreated`, `dateUpdated`, `uid`) VALUES ('58', '19', '3', '5', '15', NULL, '2015-03-10 22:56:00', '2015-03-10 22:57:07', '80d18668-e48a-46f6-815b-edc060f970e1');
INSERT INTO `craft_matrixblocks` (`id`, `ownerId`, `fieldId`, `typeId`, `sortOrder`, `ownerLocale`, `dateCreated`, `dateUpdated`, `uid`) VALUES ('59', '19', '3', '1', '16', NULL, '2015-03-10 22:56:00', '2015-03-10 22:57:07', '3fead123-a087-4a16-9078-b70f1cbd62b1');
INSERT INTO `craft_matrixblocks` (`id`, `ownerId`, `fieldId`, `typeId`, `sortOrder`, `ownerLocale`, `dateCreated`, `dateUpdated`, `uid`) VALUES ('60', '19', '3', '6', '17', NULL, '2015-03-10 22:56:00', '2015-03-10 22:57:07', '1ed249be-5ff8-40c7-8267-99d149963d59');
INSERT INTO `craft_matrixblocks` (`id`, `ownerId`, `fieldId`, `typeId`, `sortOrder`, `ownerLocale`, `dateCreated`, `dateUpdated`, `uid`) VALUES ('61', '19', '3', '6', '18', NULL, '2015-03-10 22:56:00', '2015-03-10 22:57:07', '0f9a5ce7-dc9c-4c61-ad00-47e48c68853b');



DROP TABLE IF EXISTS `craft_matrixblocktypes`;


--
-- Schema for table `craft_matrixblocktypes`
--
CREATE TABLE `craft_matrixblocktypes` (
  `id` int(11) NOT NULL AUTO_INCREMENT,
  `fieldId` int(11) NOT NULL,
  `fieldLayoutId` int(11) DEFAULT NULL,
  `name` varchar(255) COLLATE utf8_unicode_ci NOT NULL,
  `handle` varchar(255) COLLATE utf8_unicode_ci NOT NULL,
  `sortOrder` tinyint(4) DEFAULT NULL,
  `dateCreated` datetime NOT NULL,
  `dateUpdated` datetime NOT NULL,
  `uid` char(36) COLLATE utf8_unicode_ci NOT NULL DEFAULT '0',
  PRIMARY KEY (`id`),
  UNIQUE KEY `craft_matrixblocktypes_name_fieldId_unq_idx` (`name`,`fieldId`),
  UNIQUE KEY `craft_matrixblocktypes_handle_fieldId_unq_idx` (`handle`,`fieldId`),
  KEY `craft_matrixblocktypes_fieldId_fk` (`fieldId`),
  KEY `craft_matrixblocktypes_fieldLayoutId_fk` (`fieldLayoutId`)
) ENGINE=InnoDB AUTO_INCREMENT=7 DEFAULT CHARSET=utf8 COLLATE=utf8_unicode_ci;

--
-- Data for table `craft_matrixblocktypes`
--

INSERT INTO `craft_matrixblocktypes` (`id`, `fieldId`, `fieldLayoutId`, `name`, `handle`, `sortOrder`, `dateCreated`, `dateUpdated`, `uid`) VALUES ('1', '3', '53', 'Heading', 'heading', '1', '2015-03-07 04:38:34', '2015-03-08 05:40:28', '6e507de9-c3e2-4201-a43b-e837520e817a');
INSERT INTO `craft_matrixblocktypes` (`id`, `fieldId`, `fieldLayoutId`, `name`, `handle`, `sortOrder`, `dateCreated`, `dateUpdated`, `uid`) VALUES ('2', '3', '54', 'Text', 'text', '2', '2015-03-07 04:38:34', '2015-03-08 05:40:28', 'b8ecbf09-4ee4-4ccc-98be-1531b42d28b1');
INSERT INTO `craft_matrixblocktypes` (`id`, `fieldId`, `fieldLayoutId`, `name`, `handle`, `sortOrder`, `dateCreated`, `dateUpdated`, `uid`) VALUES ('3', '3', '55', 'Skill Bar', 'skillBar', '3', '2015-03-07 04:46:54', '2015-03-08 05:40:28', '9ed3efca-eeda-43ef-9c89-8983717ed277');
INSERT INTO `craft_matrixblocktypes` (`id`, `fieldId`, `fieldLayoutId`, `name`, `handle`, `sortOrder`, `dateCreated`, `dateUpdated`, `uid`) VALUES ('4', '3', '56', 'Education', 'education', '4', '2015-03-07 04:49:55', '2015-03-08 05:40:29', 'ab190f80-0964-4731-abc6-ab7cd74765b7');
INSERT INTO `craft_matrixblocktypes` (`id`, `fieldId`, `fieldLayoutId`, `name`, `handle`, `sortOrder`, `dateCreated`, `dateUpdated`, `uid`) VALUES ('5', '3', '57', 'Work Experience', 'workExperience', '5', '2015-03-07 04:51:35', '2015-03-08 05:40:29', 'b2fa4a40-6b05-4a60-9926-716acfaf44be');
INSERT INTO `craft_matrixblocktypes` (`id`, `fieldId`, `fieldLayoutId`, `name`, `handle`, `sortOrder`, `dateCreated`, `dateUpdated`, `uid`) VALUES ('6', '3', '58', 'List', 'list', '6', '2015-03-07 13:53:50', '2015-03-08 05:40:29', '0d19ae45-54ba-4439-831a-bb675aa51e81');



DROP TABLE IF EXISTS `craft_matrixcontent_resumeblocks`;


--
-- Schema for table `craft_matrixcontent_resumeblocks`
--
CREATE TABLE `craft_matrixcontent_resumeblocks` (
  `id` int(11) NOT NULL AUTO_INCREMENT,
  `elementId` int(11) NOT NULL,
  `locale` char(12) COLLATE utf8_unicode_ci NOT NULL,
  `field_heading_heading` text COLLATE utf8_unicode_ci,
  `field_text_body` text COLLATE utf8_unicode_ci,
  `field_skillBar_skillTitle` text COLLATE utf8_unicode_ci,
  `field_skillBar_skillPercentage` tinyint(3) unsigned DEFAULT '0',
  `field_education_schoolName` text COLLATE utf8_unicode_ci,
  `field_education_schoolLocation` text COLLATE utf8_unicode_ci,
  `field_education_degreeTitle` text COLLATE utf8_unicode_ci,
  `field_education_attendanceDates` text COLLATE utf8_unicode_ci,
  `field_education_mainContent` text COLLATE utf8_unicode_ci,
  `field_workExperience_companyName` text COLLATE utf8_unicode_ci,
  `field_workExperience_companyWebsite` text COLLATE utf8_unicode_ci,
  `field_workExperience_companyLocation` text COLLATE utf8_unicode_ci,
  `field_workExperience_jobTitle` text COLLATE utf8_unicode_ci,
  `field_workExperience_datesEmployed` text COLLATE utf8_unicode_ci,
  `field_workExperience_mainContent` text COLLATE utf8_unicode_ci,
  `field_list_listTitle` text COLLATE utf8_unicode_ci,
  `field_list_listBody` text COLLATE utf8_unicode_ci,
  `dateCreated` datetime NOT NULL,
  `dateUpdated` datetime NOT NULL,
  `uid` char(36) COLLATE utf8_unicode_ci NOT NULL DEFAULT '0',
  PRIMARY KEY (`id`),
  UNIQUE KEY `craft_matrixcontent_resumeblocks_elementId_locale_unq_idx` (`elementId`,`locale`),
  KEY `craft_matrixcontent_resumeblocks_locale_fk` (`locale`)
) ENGINE=InnoDB AUTO_INCREMENT=57 DEFAULT CHARSET=utf8 COLLATE=utf8_unicode_ci;

--
-- Data for table `craft_matrixcontent_resumeblocks`
--

INSERT INTO `craft_matrixcontent_resumeblocks` (`id`, `elementId`, `locale`, `field_heading_heading`, `field_text_body`, `field_skillBar_skillTitle`, `field_skillBar_skillPercentage`, `field_education_schoolName`, `field_education_schoolLocation`, `field_education_degreeTitle`, `field_education_attendanceDates`, `field_education_mainContent`, `field_workExperience_companyName`, `field_workExperience_companyWebsite`, `field_workExperience_companyLocation`, `field_workExperience_jobTitle`, `field_workExperience_datesEmployed`, `field_workExperience_mainContent`, `field_list_listTitle`, `field_list_listBody`, `dateCreated`, `dateUpdated`, `uid`) VALUES ('1', '4', 'en_us', 'About', NULL, NULL, NULL, NULL, NULL, NULL, NULL, NULL, NULL, NULL, NULL, NULL, NULL, NULL, NULL, NULL, '2015-03-07 04:43:38', '2015-03-10 22:50:15', '1474ed8b-04e6-434b-8ba3-6f3088644073');
INSERT INTO `craft_matrixcontent_resumeblocks` (`id`, `elementId`, `locale`, `field_heading_heading`, `field_text_body`, `field_skillBar_skillTitle`, `field_skillBar_skillPercentage`, `field_education_schoolName`, `field_education_schoolLocation`, `field_education_degreeTitle`, `field_education_attendanceDates`, `field_education_mainContent`, `field_workExperience_companyName`, `field_workExperience_companyWebsite`, `field_workExperience_companyLocation`, `field_workExperience_jobTitle`, `field_workExperience_datesEmployed`, `field_workExperience_mainContent`, `field_list_listTitle`, `field_list_listBody`, `dateCreated`, `dateUpdated`, `uid`) VALUES ('2', '5', 'en_us', NULL, '<p>\r\n	Aaron Krauss is currently a web developer working at Staplegun in Oklahoma City, Oklahoma. He specializes in open source and available technologies such as Ruby, PHP, Javascript, HTML5, CSS3, Git, SQL, MongoDB, Shell, Java, C/C++, etc., but also has experience with proprietary languages as well such as C#, ASP.NET, VB.NET, and SQL Server.\r\n</p>', NULL, NULL, NULL, NULL, NULL, NULL, NULL, NULL, NULL, NULL, NULL, NULL, NULL, NULL, NULL, '2015-03-07 04:43:38', '2015-03-10 22:50:15', '8bafea06-8220-415a-8230-b8006e86028f');
INSERT INTO `craft_matrixcontent_resumeblocks` (`id`, `elementId`, `locale`, `field_heading_heading`, `field_text_body`, `field_skillBar_skillTitle`, `field_skillBar_skillPercentage`, `field_education_schoolName`, `field_education_schoolLocation`, `field_education_degreeTitle`, `field_education_attendanceDates`, `field_education_mainContent`, `field_workExperience_companyName`, `field_workExperience_companyWebsite`, `field_workExperience_companyLocation`, `field_workExperience_jobTitle`, `field_workExperience_datesEmployed`, `field_workExperience_mainContent`, `field_list_listTitle`, `field_list_listBody`, `dateCreated`, `dateUpdated`, `uid`) VALUES ('3', '7', 'en_us', 'Education', NULL, NULL, NULL, NULL, NULL, NULL, NULL, NULL, NULL, NULL, NULL, NULL, NULL, NULL, NULL, NULL, '2015-03-07 14:17:07', '2015-03-10 22:50:15', '8771a202-b997-4d74-876b-4d525a180fd4');
INSERT INTO `craft_matrixcontent_resumeblocks` (`id`, `elementId`, `locale`, `field_heading_heading`, `field_text_body`, `field_skillBar_skillTitle`, `field_skillBar_skillPercentage`, `field_education_schoolName`, `field_education_schoolLocation`, `field_education_degreeTitle`, `field_education_attendanceDates`, `field_education_mainContent`, `field_workExperience_companyName`, `field_workExperience_companyWebsite`, `field_workExperience_companyLocation`, `field_workExperience_jobTitle`, `field_workExperience_datesEmployed`, `field_workExperience_mainContent`, `field_list_listTitle`, `field_list_listBody`, `dateCreated`, `dateUpdated`, `uid`) VALUES ('4', '8', 'en_us', NULL, NULL, NULL, NULL, 'University of Oklahoma', 'Norman, OK', 'Bachelor of Business Administration', 'January 2011 - May 2012', '<ul>\r\n	<li><strong>Major:</strong> Management Information Systems</li>\r\n	<li><strong>Honors:</strong> Graduated with Distinction</li>\r\n	<li><strong>Senior Project:</strong> Developed Help Desk Ticketing .NET Web Forms for the <a href=\"http://www.faa.gov/\">FAA</a> Customer Service Center</li>\r\n</ul>', NULL, NULL, NULL, NULL, NULL, NULL, NULL, NULL, '2015-03-07 14:17:07', '2015-03-10 22:50:15', '1feaa65f-aabf-420f-8fdc-df3b4c513b6a');
INSERT INTO `craft_matrixcontent_resumeblocks` (`id`, `elementId`, `locale`, `field_heading_heading`, `field_text_body`, `field_skillBar_skillTitle`, `field_skillBar_skillPercentage`, `field_education_schoolName`, `field_education_schoolLocation`, `field_education_degreeTitle`, `field_education_attendanceDates`, `field_education_mainContent`, `field_workExperience_companyName`, `field_workExperience_companyWebsite`, `field_workExperience_companyLocation`, `field_workExperience_jobTitle`, `field_workExperience_datesEmployed`, `field_workExperience_mainContent`, `field_list_listTitle`, `field_list_listBody`, `dateCreated`, `dateUpdated`, `uid`) VALUES ('5', '9', 'en_us', NULL, NULL, NULL, NULL, 'Southern Methodist University', 'Dallas, TX', 'Bachelor of Science', 'August 2008 - December 2010', '<ul>\r\n	<li><strong>Major:</strong> Engineering Management Information Systems</li>\r\n	<li><strong>Notable Projects:</strong> Lego Mindstorm Robotics Project (Java), Term/Frequency Inverse Document Frequency Search Engine (C/C++)</li>\r\n</ul>', NULL, NULL, NULL, NULL, NULL, NULL, NULL, NULL, '2015-03-07 14:17:56', '2015-03-10 22:50:15', '8bd2bc1b-e1ef-415a-ac84-077688a948ad');
INSERT INTO `craft_matrixcontent_resumeblocks` (`id`, `elementId`, `locale`, `field_heading_heading`, `field_text_body`, `field_skillBar_skillTitle`, `field_skillBar_skillPercentage`, `field_education_schoolName`, `field_education_schoolLocation`, `field_education_degreeTitle`, `field_education_attendanceDates`, `field_education_mainContent`, `field_workExperience_companyName`, `field_workExperience_companyWebsite`, `field_workExperience_companyLocation`, `field_workExperience_jobTitle`, `field_workExperience_datesEmployed`, `field_workExperience_mainContent`, `field_list_listTitle`, `field_list_listBody`, `dateCreated`, `dateUpdated`, `uid`) VALUES ('6', '10', 'en_us', 'Professional Experience', NULL, NULL, NULL, NULL, NULL, NULL, NULL, NULL, NULL, NULL, NULL, NULL, NULL, NULL, NULL, NULL, '2015-03-07 14:18:15', '2015-03-10 22:50:15', '51ee51a4-fd3e-4a5e-8c08-8b04baa39a76');
INSERT INTO `craft_matrixcontent_resumeblocks` (`id`, `elementId`, `locale`, `field_heading_heading`, `field_text_body`, `field_skillBar_skillTitle`, `field_skillBar_skillPercentage`, `field_education_schoolName`, `field_education_schoolLocation`, `field_education_degreeTitle`, `field_education_attendanceDates`, `field_education_mainContent`, `field_workExperience_companyName`, `field_workExperience_companyWebsite`, `field_workExperience_companyLocation`, `field_workExperience_jobTitle`, `field_workExperience_datesEmployed`, `field_workExperience_mainContent`, `field_list_listTitle`, `field_list_listBody`, `dateCreated`, `dateUpdated`, `uid`) VALUES ('7', '11', 'en_us', NULL, NULL, NULL, NULL, NULL, NULL, NULL, NULL, NULL, 'Staplegun, Inc.', 'http://staplegun.us', 'Oklahoma City, OK', 'Web Developer', 'February 2014 - Present', '<ul>\r\n	<li>Build interactive web sites with HTML5, Sass, Javascript, and preprocessors and build automation tools</li>\r\n	<li>Implement and develop for different CMSs including Wordpress, MODx, and Craft CMS</li>\r\n	<li>Develop fully responsiveness (all devices), accessible (for disabled users), and browser supported sites (IE8+)</li>\r\n	<li>Take web applications to the next level with Node.js, Faye.js, D3.js, and more</li>\r\n</ul>', NULL, NULL, '2015-03-07 14:21:15', '2015-03-10 22:50:15', '328328d1-12e7-46bf-ae78-fa4cab85b009');
INSERT INTO `craft_matrixcontent_resumeblocks` (`id`, `elementId`, `locale`, `field_heading_heading`, `field_text_body`, `field_skillBar_skillTitle`, `field_skillBar_skillPercentage`, `field_education_schoolName`, `field_education_schoolLocation`, `field_education_degreeTitle`, `field_education_attendanceDates`, `field_education_mainContent`, `field_workExperience_companyName`, `field_workExperience_companyWebsite`, `field_workExperience_companyLocation`, `field_workExperience_jobTitle`, `field_workExperience_datesEmployed`, `field_workExperience_mainContent`, `field_list_listTitle`, `field_list_listBody`, `dateCreated`, `dateUpdated`, `uid`) VALUES ('8', '12', 'en_us', 'Technical', NULL, NULL, NULL, NULL, NULL, NULL, NULL, NULL, NULL, NULL, NULL, NULL, NULL, NULL, NULL, NULL, '2015-03-07 14:22:39', '2015-03-10 22:50:15', '13762f54-4b79-4140-94bb-bf91f2dc7c33');
INSERT INTO `craft_matrixcontent_resumeblocks` (`id`, `elementId`, `locale`, `field_heading_heading`, `field_text_body`, `field_skillBar_skillTitle`, `field_skillBar_skillPercentage`, `field_education_schoolName`, `field_education_schoolLocation`, `field_education_degreeTitle`, `field_education_attendanceDates`, `field_education_mainContent`, `field_workExperience_companyName`, `field_workExperience_companyWebsite`, `field_workExperience_companyLocation`, `field_workExperience_jobTitle`, `field_workExperience_datesEmployed`, `field_workExperience_mainContent`, `field_list_listTitle`, `field_list_listBody`, `dateCreated`, `dateUpdated`, `uid`) VALUES ('9', '13', 'en_us', NULL, NULL, 'Ruby/Rails', '95', NULL, NULL, NULL, NULL, NULL, NULL, NULL, NULL, NULL, NULL, NULL, NULL, NULL, '2015-03-07 14:22:39', '2015-03-10 22:50:15', '429b36bd-9c87-40b9-b66b-8500b9973985');
INSERT INTO `craft_matrixcontent_resumeblocks` (`id`, `elementId`, `locale`, `field_heading_heading`, `field_text_body`, `field_skillBar_skillTitle`, `field_skillBar_skillPercentage`, `field_education_schoolName`, `field_education_schoolLocation`, `field_education_degreeTitle`, `field_education_attendanceDates`, `field_education_mainContent`, `field_workExperience_companyName`, `field_workExperience_companyWebsite`, `field_workExperience_companyLocation`, `field_workExperience_jobTitle`, `field_workExperience_datesEmployed`, `field_workExperience_mainContent`, `field_list_listTitle`, `field_list_listBody`, `dateCreated`, `dateUpdated`, `uid`) VALUES ('10', '14', 'en_us', NULL, NULL, 'Git', '95', NULL, NULL, NULL, NULL, NULL, NULL, NULL, NULL, NULL, NULL, NULL, NULL, NULL, '2015-03-07 14:22:39', '2015-03-10 22:50:15', '1812b4ee-b6fd-4463-ba8e-d295c05de486');
INSERT INTO `craft_matrixcontent_resumeblocks` (`id`, `elementId`, `locale`, `field_heading_heading`, `field_text_body`, `field_skillBar_skillTitle`, `field_skillBar_skillPercentage`, `field_education_schoolName`, `field_education_schoolLocation`, `field_education_degreeTitle`, `field_education_attendanceDates`, `field_education_mainContent`, `field_workExperience_companyName`, `field_workExperience_companyWebsite`, `field_workExperience_companyLocation`, `field_workExperience_jobTitle`, `field_workExperience_datesEmployed`, `field_workExperience_mainContent`, `field_list_listTitle`, `field_list_listBody`, `dateCreated`, `dateUpdated`, `uid`) VALUES ('11', '15', 'en_us', 'Awards and Interests', NULL, NULL, NULL, NULL, NULL, NULL, NULL, NULL, NULL, NULL, NULL, NULL, NULL, NULL, NULL, NULL, '2015-03-07 14:24:10', '2015-03-10 22:50:15', '6e92083c-0d24-4aba-b0a8-4c89afd7492a');
INSERT INTO `craft_matrixcontent_resumeblocks` (`id`, `elementId`, `locale`, `field_heading_heading`, `field_text_body`, `field_skillBar_skillTitle`, `field_skillBar_skillPercentage`, `field_education_schoolName`, `field_education_schoolLocation`, `field_education_degreeTitle`, `field_education_attendanceDates`, `field_education_mainContent`, `field_workExperience_companyName`, `field_workExperience_companyWebsite`, `field_workExperience_companyLocation`, `field_workExperience_jobTitle`, `field_workExperience_datesEmployed`, `field_workExperience_mainContent`, `field_list_listTitle`, `field_list_listBody`, `dateCreated`, `dateUpdated`, `uid`) VALUES ('12', '16', 'en_us', NULL, NULL, NULL, NULL, NULL, NULL, NULL, NULL, NULL, NULL, NULL, NULL, NULL, NULL, NULL, 'Awards', '<p>\r\n	OU MIS Scholarship\r\n	<br>\r\n	SMU Presidents\' scholarship\r\n	<br>\r\n	Oklahoma All-State Tennis Champion - West\r\n	<br>\r\n	National Merit Commended\r\n	<br>\r\n	Valedictorian\r\n</p>', '2015-03-07 14:24:10', '2015-03-10 22:50:15', 'e3b884f1-f12c-468b-b3ab-82ca5fadc8ae');
INSERT INTO `craft_matrixcontent_resumeblocks` (`id`, `elementId`, `locale`, `field_heading_heading`, `field_text_body`, `field_skillBar_skillTitle`, `field_skillBar_skillPercentage`, `field_education_schoolName`, `field_education_schoolLocation`, `field_education_degreeTitle`, `field_education_attendanceDates`, `field_education_mainContent`, `field_workExperience_companyName`, `field_workExperience_companyWebsite`, `field_workExperience_companyLocation`, `field_workExperience_jobTitle`, `field_workExperience_datesEmployed`, `field_workExperience_mainContent`, `field_list_listTitle`, `field_list_listBody`, `dateCreated`, `dateUpdated`, `uid`) VALUES ('13', '17', 'en_us', NULL, NULL, NULL, NULL, NULL, NULL, NULL, NULL, NULL, NULL, NULL, NULL, NULL, NULL, NULL, 'Language', '<p>\r\n	Conversational Proficiency in German\r\n</p>', '2015-03-07 14:24:10', '2015-03-10 22:50:15', '8f4bf2c0-4f4f-4e4f-b10b-2d00991f1fe8');
INSERT INTO `craft_matrixcontent_resumeblocks` (`id`, `elementId`, `locale`, `field_heading_heading`, `field_text_body`, `field_skillBar_skillTitle`, `field_skillBar_skillPercentage`, `field_education_schoolName`, `field_education_schoolLocation`, `field_education_degreeTitle`, `field_education_attendanceDates`, `field_education_mainContent`, `field_workExperience_companyName`, `field_workExperience_companyWebsite`, `field_workExperience_companyLocation`, `field_workExperience_jobTitle`, `field_workExperience_datesEmployed`, `field_workExperience_mainContent`, `field_list_listTitle`, `field_list_listBody`, `dateCreated`, `dateUpdated`, `uid`) VALUES ('14', '18', 'en_us', NULL, NULL, NULL, NULL, NULL, NULL, NULL, NULL, NULL, NULL, NULL, NULL, NULL, NULL, NULL, 'Interests', '<p>\r\n	Programming\r\n	<br>\r\n	<a target=\"layla\" href=\"http://misslaylacakes.com/\">Layla</a><br>\r\n	Tea\r\n	<br>\r\n	Beer\r\n	<br>\r\n	Podcasts\r\n	<br>\r\n	Walking my dog\r\n</p>', '2015-03-07 14:24:10', '2015-03-10 22:50:15', '1290d6c1-9ef2-415f-8793-b62335861dd2');
INSERT INTO `craft_matrixcontent_resumeblocks` (`id`, `elementId`, `locale`, `field_heading_heading`, `field_text_body`, `field_skillBar_skillTitle`, `field_skillBar_skillPercentage`, `field_education_schoolName`, `field_education_schoolLocation`, `field_education_degreeTitle`, `field_education_attendanceDates`, `field_education_mainContent`, `field_workExperience_companyName`, `field_workExperience_companyWebsite`, `field_workExperience_companyLocation`, `field_workExperience_jobTitle`, `field_workExperience_datesEmployed`, `field_workExperience_mainContent`, `field_list_listTitle`, `field_list_listBody`, `dateCreated`, `dateUpdated`, `uid`) VALUES ('15', '20', 'en_us', 'About', NULL, NULL, NULL, NULL, NULL, NULL, NULL, NULL, NULL, NULL, NULL, NULL, NULL, NULL, NULL, NULL, '2015-03-08 07:11:43', '2015-03-10 22:57:07', 'ec22fec4-ebf5-4599-8664-cfc7b21817d9');
INSERT INTO `craft_matrixcontent_resumeblocks` (`id`, `elementId`, `locale`, `field_heading_heading`, `field_text_body`, `field_skillBar_skillTitle`, `field_skillBar_skillPercentage`, `field_education_schoolName`, `field_education_schoolLocation`, `field_education_degreeTitle`, `field_education_attendanceDates`, `field_education_mainContent`, `field_workExperience_companyName`, `field_workExperience_companyWebsite`, `field_workExperience_companyLocation`, `field_workExperience_jobTitle`, `field_workExperience_datesEmployed`, `field_workExperience_mainContent`, `field_list_listTitle`, `field_list_listBody`, `dateCreated`, `dateUpdated`, `uid`) VALUES ('16', '21', 'en_us', NULL, '<p>\r\n	Layla Niavarani is currently a student in Nutrition, Dietetics, and Food Management at the University of Central Oklahoma in Edmond, Oklahoma. She plans to graduate in May of 2014 and attend graduate school thereafter, seeking a Master of Science in Nutrition and Dietetics and ultimately desiring to become a Registered Dietitian. She also has a small history of decorating cakes - please see \r\n	<a href=\"http://www.misslaylacakes.com/\">www.misslaylacakes.com</a> for more information and photos.\r\n</p>', NULL, NULL, NULL, NULL, NULL, NULL, NULL, NULL, NULL, NULL, NULL, NULL, NULL, NULL, NULL, '2015-03-08 07:18:17', '2015-03-10 22:57:07', 'b0a98b76-50cf-4fbc-b48d-7684aa65d1a6');
INSERT INTO `craft_matrixcontent_resumeblocks` (`id`, `elementId`, `locale`, `field_heading_heading`, `field_text_body`, `field_skillBar_skillTitle`, `field_skillBar_skillPercentage`, `field_education_schoolName`, `field_education_schoolLocation`, `field_education_degreeTitle`, `field_education_attendanceDates`, `field_education_mainContent`, `field_workExperience_companyName`, `field_workExperience_companyWebsite`, `field_workExperience_companyLocation`, `field_workExperience_jobTitle`, `field_workExperience_datesEmployed`, `field_workExperience_mainContent`, `field_list_listTitle`, `field_list_listBody`, `dateCreated`, `dateUpdated`, `uid`) VALUES ('17', '22', 'en_us', 'Education', NULL, NULL, NULL, NULL, NULL, NULL, NULL, NULL, NULL, NULL, NULL, NULL, NULL, NULL, NULL, NULL, '2015-03-08 07:28:33', '2015-03-10 22:57:07', 'a47b1e39-31a7-40c2-b755-83d4fb415c75');
INSERT INTO `craft_matrixcontent_resumeblocks` (`id`, `elementId`, `locale`, `field_heading_heading`, `field_text_body`, `field_skillBar_skillTitle`, `field_skillBar_skillPercentage`, `field_education_schoolName`, `field_education_schoolLocation`, `field_education_degreeTitle`, `field_education_attendanceDates`, `field_education_mainContent`, `field_workExperience_companyName`, `field_workExperience_companyWebsite`, `field_workExperience_companyLocation`, `field_workExperience_jobTitle`, `field_workExperience_datesEmployed`, `field_workExperience_mainContent`, `field_list_listTitle`, `field_list_listBody`, `dateCreated`, `dateUpdated`, `uid`) VALUES ('18', '23', 'en_us', NULL, NULL, NULL, NULL, 'University of Central Oklaoma', 'Edmond, OK', 'Bachelor of Science', 'August 2009 - May 2014', '<ul>\r\n	<li><strong>Major:</strong> Nutrition, Dietetics, and Food Management</li>\r\n	<li><strong>GPA:</strong> 3.65</li>\r\n	<li><strong>Honors:</strong> President\'s Honor Roll</li>\r\n</ul>', NULL, NULL, NULL, NULL, NULL, NULL, NULL, NULL, '2015-03-08 07:28:33', '2015-03-10 22:57:07', 'd77551ca-87cd-489f-ad91-22e82ced446e');
INSERT INTO `craft_matrixcontent_resumeblocks` (`id`, `elementId`, `locale`, `field_heading_heading`, `field_text_body`, `field_skillBar_skillTitle`, `field_skillBar_skillPercentage`, `field_education_schoolName`, `field_education_schoolLocation`, `field_education_degreeTitle`, `field_education_attendanceDates`, `field_education_mainContent`, `field_workExperience_companyName`, `field_workExperience_companyWebsite`, `field_workExperience_companyLocation`, `field_workExperience_jobTitle`, `field_workExperience_datesEmployed`, `field_workExperience_mainContent`, `field_list_listTitle`, `field_list_listBody`, `dateCreated`, `dateUpdated`, `uid`) VALUES ('19', '24', 'en_us', NULL, NULL, NULL, NULL, 'University of Central Oklahoma', 'Edmond, OK', 'Master of Science', 'June 2014 - May 2015', '<ul>\r\n	<li><strong>Major:</strong> Nutrition and Food Management</li>\r\n	<li><strong>GPA:</strong> 3.65</li>\r\n</ul>', NULL, NULL, NULL, NULL, NULL, NULL, NULL, NULL, '2015-03-08 07:28:33', '2015-03-10 22:57:07', '9701ecbb-5bf0-41e1-a3e3-7ec99aa081dc');
INSERT INTO `craft_matrixcontent_resumeblocks` (`id`, `elementId`, `locale`, `field_heading_heading`, `field_text_body`, `field_skillBar_skillTitle`, `field_skillBar_skillPercentage`, `field_education_schoolName`, `field_education_schoolLocation`, `field_education_degreeTitle`, `field_education_attendanceDates`, `field_education_mainContent`, `field_workExperience_companyName`, `field_workExperience_companyWebsite`, `field_workExperience_companyLocation`, `field_workExperience_jobTitle`, `field_workExperience_datesEmployed`, `field_workExperience_mainContent`, `field_list_listTitle`, `field_list_listBody`, `dateCreated`, `dateUpdated`, `uid`) VALUES ('20', '25', 'en_us', 'Leadership Activities', NULL, NULL, NULL, NULL, NULL, NULL, NULL, NULL, NULL, NULL, NULL, NULL, NULL, NULL, NULL, NULL, '2015-03-08 07:39:19', '2015-03-10 22:57:07', 'f02084d8-fb40-44a0-8431-061f1103ea75');
INSERT INTO `craft_matrixcontent_resumeblocks` (`id`, `elementId`, `locale`, `field_heading_heading`, `field_text_body`, `field_skillBar_skillTitle`, `field_skillBar_skillPercentage`, `field_education_schoolName`, `field_education_schoolLocation`, `field_education_degreeTitle`, `field_education_attendanceDates`, `field_education_mainContent`, `field_workExperience_companyName`, `field_workExperience_companyWebsite`, `field_workExperience_companyLocation`, `field_workExperience_jobTitle`, `field_workExperience_datesEmployed`, `field_workExperience_mainContent`, `field_list_listTitle`, `field_list_listBody`, `dateCreated`, `dateUpdated`, `uid`) VALUES ('21', '26', 'en_us', NULL, NULL, NULL, NULL, NULL, NULL, NULL, NULL, NULL, 'Sigma Alpha Lambda (Honors)', '', 'UCO', 'President & V.P.', '2011 - 2014', '<ul>\r\n	<li>Led organization of over 100 members through monthly meetings and regular volunteer activities</li>\r\n	<li>Sought and created several extracurricular volunteer opportunities across the metro area</li>\r\n	<li>Maintained regular contact with national advisors regarding organizational progress</li>\r\n	<li>Headed group-wide communication through email, social media, and personal announcements</li>\r\n</ul>', NULL, NULL, '2015-03-08 07:39:19', '2015-03-10 22:57:07', 'd177b4eb-7ff4-441d-af56-8c9b3ffc195d');
INSERT INTO `craft_matrixcontent_resumeblocks` (`id`, `elementId`, `locale`, `field_heading_heading`, `field_text_body`, `field_skillBar_skillTitle`, `field_skillBar_skillPercentage`, `field_education_schoolName`, `field_education_schoolLocation`, `field_education_degreeTitle`, `field_education_attendanceDates`, `field_education_mainContent`, `field_workExperience_companyName`, `field_workExperience_companyWebsite`, `field_workExperience_companyLocation`, `field_workExperience_jobTitle`, `field_workExperience_datesEmployed`, `field_workExperience_mainContent`, `field_list_listTitle`, `field_list_listBody`, `dateCreated`, `dateUpdated`, `uid`) VALUES ('22', '27', 'en_us', NULL, NULL, NULL, NULL, NULL, NULL, NULL, NULL, NULL, 'Phi Upsilon Omicron (Honors)', '', 'UCO', 'President', '2013 - 2014', '<ul>\r\n	<li>Transitioned the organization from irregular gatherings to monthly meetings and regular communication</li>\r\n	<li>Worked with my advisor and national office in order to rebuild correct member contact information</li>\r\n	<li>Led all meetings for our members, as well as the formal initiation ceremonies for our new members</li>\r\n	<li>Helped plan for and promote our annual big community service event during the Spring semester</li>\r\n</ul>', NULL, NULL, '2015-03-08 07:39:19', '2015-03-10 22:57:07', '6d228e65-ae7c-4112-b832-49535e8a9ff2');
INSERT INTO `craft_matrixcontent_resumeblocks` (`id`, `elementId`, `locale`, `field_heading_heading`, `field_text_body`, `field_skillBar_skillTitle`, `field_skillBar_skillPercentage`, `field_education_schoolName`, `field_education_schoolLocation`, `field_education_degreeTitle`, `field_education_attendanceDates`, `field_education_mainContent`, `field_workExperience_companyName`, `field_workExperience_companyWebsite`, `field_workExperience_companyLocation`, `field_workExperience_jobTitle`, `field_workExperience_datesEmployed`, `field_workExperience_mainContent`, `field_list_listTitle`, `field_list_listBody`, `dateCreated`, `dateUpdated`, `uid`) VALUES ('23', '28', 'en_us', NULL, NULL, NULL, NULL, NULL, NULL, NULL, NULL, NULL, 'Student Academy of Nutrition and Dietetics', '', 'UCO', 'Student Liason', '2013 - 2014', '<ul>\r\n	<li>Relayed information between the academy and members of the Student Academy of Nutrition and Dietetics</li>\r\n	<li>Coordinated with fellow student liaison to organize newsletters and other communication methods</li>\r\n</ul>', NULL, NULL, '2015-03-08 07:39:19', '2015-03-10 22:57:07', '56408d59-f8ee-486f-84ac-c629807b5b0c');
INSERT INTO `craft_matrixcontent_resumeblocks` (`id`, `elementId`, `locale`, `field_heading_heading`, `field_text_body`, `field_skillBar_skillTitle`, `field_skillBar_skillPercentage`, `field_education_schoolName`, `field_education_schoolLocation`, `field_education_degreeTitle`, `field_education_attendanceDates`, `field_education_mainContent`, `field_workExperience_companyName`, `field_workExperience_companyWebsite`, `field_workExperience_companyLocation`, `field_workExperience_jobTitle`, `field_workExperience_datesEmployed`, `field_workExperience_mainContent`, `field_list_listTitle`, `field_list_listBody`, `dateCreated`, `dateUpdated`, `uid`) VALUES ('24', '29', 'en_us', NULL, NULL, NULL, NULL, NULL, NULL, NULL, NULL, NULL, 'Iranian Student Association', '', 'UCO', 'President & V.P.', '2009 - 2012', '<ul>\r\n	<li>Hosted city-wide series of meetings with 50  70 Iranian adults/professors discussing how to further advance Iranian culture in the United States</li>\r\n	<li>Met regularly with other officers, and was chief planner for representing the country of Iran in university-wide culture fairs</li>\r\n</ul>', NULL, NULL, '2015-03-08 07:39:19', '2015-03-10 22:57:07', 'b5b3e825-c743-4fdc-bb93-3a0dbe99b39c');
INSERT INTO `craft_matrixcontent_resumeblocks` (`id`, `elementId`, `locale`, `field_heading_heading`, `field_text_body`, `field_skillBar_skillTitle`, `field_skillBar_skillPercentage`, `field_education_schoolName`, `field_education_schoolLocation`, `field_education_degreeTitle`, `field_education_attendanceDates`, `field_education_mainContent`, `field_workExperience_companyName`, `field_workExperience_companyWebsite`, `field_workExperience_companyLocation`, `field_workExperience_jobTitle`, `field_workExperience_datesEmployed`, `field_workExperience_mainContent`, `field_list_listTitle`, `field_list_listBody`, `dateCreated`, `dateUpdated`, `uid`) VALUES ('25', '30', 'en_us', NULL, NULL, 'Vim', '95', NULL, NULL, NULL, NULL, NULL, NULL, NULL, NULL, NULL, NULL, NULL, NULL, NULL, '2015-03-10 01:46:31', '2015-03-10 22:50:15', 'b43bb9bc-7eaf-4d40-ac82-9af94d05f1df');
INSERT INTO `craft_matrixcontent_resumeblocks` (`id`, `elementId`, `locale`, `field_heading_heading`, `field_text_body`, `field_skillBar_skillTitle`, `field_skillBar_skillPercentage`, `field_education_schoolName`, `field_education_schoolLocation`, `field_education_degreeTitle`, `field_education_attendanceDates`, `field_education_mainContent`, `field_workExperience_companyName`, `field_workExperience_companyWebsite`, `field_workExperience_companyLocation`, `field_workExperience_jobTitle`, `field_workExperience_datesEmployed`, `field_workExperience_mainContent`, `field_list_listTitle`, `field_list_listBody`, `dateCreated`, `dateUpdated`, `uid`) VALUES ('26', '31', 'en_us', NULL, NULL, 'CSS/Sass', '93', NULL, NULL, NULL, NULL, NULL, NULL, NULL, NULL, NULL, NULL, NULL, NULL, NULL, '2015-03-10 01:46:31', '2015-03-10 22:50:15', 'c6af1a83-f780-46b7-82c0-8daab24d5692');
INSERT INTO `craft_matrixcontent_resumeblocks` (`id`, `elementId`, `locale`, `field_heading_heading`, `field_text_body`, `field_skillBar_skillTitle`, `field_skillBar_skillPercentage`, `field_education_schoolName`, `field_education_schoolLocation`, `field_education_degreeTitle`, `field_education_attendanceDates`, `field_education_mainContent`, `field_workExperience_companyName`, `field_workExperience_companyWebsite`, `field_workExperience_companyLocation`, `field_workExperience_jobTitle`, `field_workExperience_datesEmployed`, `field_workExperience_mainContent`, `field_list_listTitle`, `field_list_listBody`, `dateCreated`, `dateUpdated`, `uid`) VALUES ('27', '32', 'en_us', NULL, NULL, 'Javascript', '91', NULL, NULL, NULL, NULL, NULL, NULL, NULL, NULL, NULL, NULL, NULL, NULL, NULL, '2015-03-10 01:46:31', '2015-03-10 22:50:15', '0ddd0ccd-073f-4462-b508-b26836d3f930');
INSERT INTO `craft_matrixcontent_resumeblocks` (`id`, `elementId`, `locale`, `field_heading_heading`, `field_text_body`, `field_skillBar_skillTitle`, `field_skillBar_skillPercentage`, `field_education_schoolName`, `field_education_schoolLocation`, `field_education_degreeTitle`, `field_education_attendanceDates`, `field_education_mainContent`, `field_workExperience_companyName`, `field_workExperience_companyWebsite`, `field_workExperience_companyLocation`, `field_workExperience_jobTitle`, `field_workExperience_datesEmployed`, `field_workExperience_mainContent`, `field_list_listTitle`, `field_list_listBody`, `dateCreated`, `dateUpdated`, `uid`) VALUES ('28', '33', 'en_us', NULL, NULL, 'HTML5', '88', NULL, NULL, NULL, NULL, NULL, NULL, NULL, NULL, NULL, NULL, NULL, NULL, NULL, '2015-03-10 01:46:31', '2015-03-10 22:50:15', 'e2367750-e0b5-4c6a-a7b3-9bb844706ffa');
INSERT INTO `craft_matrixcontent_resumeblocks` (`id`, `elementId`, `locale`, `field_heading_heading`, `field_text_body`, `field_skillBar_skillTitle`, `field_skillBar_skillPercentage`, `field_education_schoolName`, `field_education_schoolLocation`, `field_education_degreeTitle`, `field_education_attendanceDates`, `field_education_mainContent`, `field_workExperience_companyName`, `field_workExperience_companyWebsite`, `field_workExperience_companyLocation`, `field_workExperience_jobTitle`, `field_workExperience_datesEmployed`, `field_workExperience_mainContent`, `field_list_listTitle`, `field_list_listBody`, `dateCreated`, `dateUpdated`, `uid`) VALUES ('29', '34', 'en_us', NULL, NULL, 'APIs', '85', NULL, NULL, NULL, NULL, NULL, NULL, NULL, NULL, NULL, NULL, NULL, NULL, NULL, '2015-03-10 01:46:31', '2015-03-10 22:50:15', '2388cee8-a64b-4dee-9106-9e00e1690244');
INSERT INTO `craft_matrixcontent_resumeblocks` (`id`, `elementId`, `locale`, `field_heading_heading`, `field_text_body`, `field_skillBar_skillTitle`, `field_skillBar_skillPercentage`, `field_education_schoolName`, `field_education_schoolLocation`, `field_education_degreeTitle`, `field_education_attendanceDates`, `field_education_mainContent`, `field_workExperience_companyName`, `field_workExperience_companyWebsite`, `field_workExperience_companyLocation`, `field_workExperience_jobTitle`, `field_workExperience_datesEmployed`, `field_workExperience_mainContent`, `field_list_listTitle`, `field_list_listBody`, `dateCreated`, `dateUpdated`, `uid`) VALUES ('30', '35', 'en_us', NULL, NULL, 'Shell & Tmux', '83', NULL, NULL, NULL, NULL, NULL, NULL, NULL, NULL, NULL, NULL, NULL, NULL, NULL, '2015-03-10 01:46:31', '2015-03-10 22:50:15', 'd962ae96-8eec-4c43-aa44-489bcf3a8e70');
INSERT INTO `craft_matrixcontent_resumeblocks` (`id`, `elementId`, `locale`, `field_heading_heading`, `field_text_body`, `field_skillBar_skillTitle`, `field_skillBar_skillPercentage`, `field_education_schoolName`, `field_education_schoolLocation`, `field_education_degreeTitle`, `field_education_attendanceDates`, `field_education_mainContent`, `field_workExperience_companyName`, `field_workExperience_companyWebsite`, `field_workExperience_companyLocation`, `field_workExperience_jobTitle`, `field_workExperience_datesEmployed`, `field_workExperience_mainContent`, `field_list_listTitle`, `field_list_listBody`, `dateCreated`, `dateUpdated`, `uid`) VALUES ('31', '36', 'en_us', NULL, NULL, 'SQL', '80', NULL, NULL, NULL, NULL, NULL, NULL, NULL, NULL, NULL, NULL, NULL, NULL, NULL, '2015-03-10 01:46:31', '2015-03-10 22:50:15', '19a37ae1-f38a-461f-99d9-452492a6018d');
INSERT INTO `craft_matrixcontent_resumeblocks` (`id`, `elementId`, `locale`, `field_heading_heading`, `field_text_body`, `field_skillBar_skillTitle`, `field_skillBar_skillPercentage`, `field_education_schoolName`, `field_education_schoolLocation`, `field_education_degreeTitle`, `field_education_attendanceDates`, `field_education_mainContent`, `field_workExperience_companyName`, `field_workExperience_companyWebsite`, `field_workExperience_companyLocation`, `field_workExperience_jobTitle`, `field_workExperience_datesEmployed`, `field_workExperience_mainContent`, `field_list_listTitle`, `field_list_listBody`, `dateCreated`, `dateUpdated`, `uid`) VALUES ('32', '37', 'en_us', NULL, NULL, 'NoSQL DBs', '70', NULL, NULL, NULL, NULL, NULL, NULL, NULL, NULL, NULL, NULL, NULL, NULL, NULL, '2015-03-10 01:46:31', '2015-03-10 22:50:15', '53ae9243-c67c-4111-9363-73bde6297782');
INSERT INTO `craft_matrixcontent_resumeblocks` (`id`, `elementId`, `locale`, `field_heading_heading`, `field_text_body`, `field_skillBar_skillTitle`, `field_skillBar_skillPercentage`, `field_education_schoolName`, `field_education_schoolLocation`, `field_education_degreeTitle`, `field_education_attendanceDates`, `field_education_mainContent`, `field_workExperience_companyName`, `field_workExperience_companyWebsite`, `field_workExperience_companyLocation`, `field_workExperience_jobTitle`, `field_workExperience_datesEmployed`, `field_workExperience_mainContent`, `field_list_listTitle`, `field_list_listBody`, `dateCreated`, `dateUpdated`, `uid`) VALUES ('33', '38', 'en_us', NULL, NULL, 'DNS', '65', NULL, NULL, NULL, NULL, NULL, NULL, NULL, NULL, NULL, NULL, NULL, NULL, NULL, '2015-03-10 01:46:31', '2015-03-10 22:50:15', '6b5e2c26-1bfe-4d30-a920-f0dcf25fc408');
INSERT INTO `craft_matrixcontent_resumeblocks` (`id`, `elementId`, `locale`, `field_heading_heading`, `field_text_body`, `field_skillBar_skillTitle`, `field_skillBar_skillPercentage`, `field_education_schoolName`, `field_education_schoolLocation`, `field_education_degreeTitle`, `field_education_attendanceDates`, `field_education_mainContent`, `field_workExperience_companyName`, `field_workExperience_companyWebsite`, `field_workExperience_companyLocation`, `field_workExperience_jobTitle`, `field_workExperience_datesEmployed`, `field_workExperience_mainContent`, `field_list_listTitle`, `field_list_listBody`, `dateCreated`, `dateUpdated`, `uid`) VALUES ('34', '39', 'en_us', NULL, NULL, 'C/C++', '65', NULL, NULL, NULL, NULL, NULL, NULL, NULL, NULL, NULL, NULL, NULL, NULL, NULL, '2015-03-10 01:46:31', '2015-03-10 22:50:15', '00dbe401-8dfd-46db-a534-6c359a5deccc');
INSERT INTO `craft_matrixcontent_resumeblocks` (`id`, `elementId`, `locale`, `field_heading_heading`, `field_text_body`, `field_skillBar_skillTitle`, `field_skillBar_skillPercentage`, `field_education_schoolName`, `field_education_schoolLocation`, `field_education_degreeTitle`, `field_education_attendanceDates`, `field_education_mainContent`, `field_workExperience_companyName`, `field_workExperience_companyWebsite`, `field_workExperience_companyLocation`, `field_workExperience_jobTitle`, `field_workExperience_datesEmployed`, `field_workExperience_mainContent`, `field_list_listTitle`, `field_list_listBody`, `dateCreated`, `dateUpdated`, `uid`) VALUES ('35', '40', 'en_us', NULL, NULL, 'Java', '60', NULL, NULL, NULL, NULL, NULL, NULL, NULL, NULL, NULL, NULL, NULL, NULL, NULL, '2015-03-10 01:46:31', '2015-03-10 22:50:15', '86003308-333d-48af-b57f-8d0b13109a0f');
INSERT INTO `craft_matrixcontent_resumeblocks` (`id`, `elementId`, `locale`, `field_heading_heading`, `field_text_body`, `field_skillBar_skillTitle`, `field_skillBar_skillPercentage`, `field_education_schoolName`, `field_education_schoolLocation`, `field_education_degreeTitle`, `field_education_attendanceDates`, `field_education_mainContent`, `field_workExperience_companyName`, `field_workExperience_companyWebsite`, `field_workExperience_companyLocation`, `field_workExperience_jobTitle`, `field_workExperience_datesEmployed`, `field_workExperience_mainContent`, `field_list_listTitle`, `field_list_listBody`, `dateCreated`, `dateUpdated`, `uid`) VALUES ('36', '41', 'en_us', NULL, NULL, 'C#', '57', NULL, NULL, NULL, NULL, NULL, NULL, NULL, NULL, NULL, NULL, NULL, NULL, NULL, '2015-03-10 01:46:31', '2015-03-10 22:50:15', '01b676f7-e26b-43ca-91ac-4b31decb9900');
INSERT INTO `craft_matrixcontent_resumeblocks` (`id`, `elementId`, `locale`, `field_heading_heading`, `field_text_body`, `field_skillBar_skillTitle`, `field_skillBar_skillPercentage`, `field_education_schoolName`, `field_education_schoolLocation`, `field_education_degreeTitle`, `field_education_attendanceDates`, `field_education_mainContent`, `field_workExperience_companyName`, `field_workExperience_companyWebsite`, `field_workExperience_companyLocation`, `field_workExperience_jobTitle`, `field_workExperience_datesEmployed`, `field_workExperience_mainContent`, `field_list_listTitle`, `field_list_listBody`, `dateCreated`, `dateUpdated`, `uid`) VALUES ('37', '42', 'en_us', NULL, NULL, 'VB.Net', '55', NULL, NULL, NULL, NULL, NULL, NULL, NULL, NULL, NULL, NULL, NULL, NULL, NULL, '2015-03-10 01:46:31', '2015-03-10 22:50:15', '8293b7e3-cf72-483c-b0ee-3c1ae217b22b');
INSERT INTO `craft_matrixcontent_resumeblocks` (`id`, `elementId`, `locale`, `field_heading_heading`, `field_text_body`, `field_skillBar_skillTitle`, `field_skillBar_skillPercentage`, `field_education_schoolName`, `field_education_schoolLocation`, `field_education_degreeTitle`, `field_education_attendanceDates`, `field_education_mainContent`, `field_workExperience_companyName`, `field_workExperience_companyWebsite`, `field_workExperience_companyLocation`, `field_workExperience_jobTitle`, `field_workExperience_datesEmployed`, `field_workExperience_mainContent`, `field_list_listTitle`, `field_list_listBody`, `dateCreated`, `dateUpdated`, `uid`) VALUES ('38', '43', 'en_us', NULL, NULL, 'Go', '53', NULL, NULL, NULL, NULL, NULL, NULL, NULL, NULL, NULL, NULL, NULL, NULL, NULL, '2015-03-10 01:46:31', '2015-03-10 22:50:15', '6c6ae000-5416-4e3e-acb4-2831d1dc3758');
INSERT INTO `craft_matrixcontent_resumeblocks` (`id`, `elementId`, `locale`, `field_heading_heading`, `field_text_body`, `field_skillBar_skillTitle`, `field_skillBar_skillPercentage`, `field_education_schoolName`, `field_education_schoolLocation`, `field_education_degreeTitle`, `field_education_attendanceDates`, `field_education_mainContent`, `field_workExperience_companyName`, `field_workExperience_companyWebsite`, `field_workExperience_companyLocation`, `field_workExperience_jobTitle`, `field_workExperience_datesEmployed`, `field_workExperience_mainContent`, `field_list_listTitle`, `field_list_listBody`, `dateCreated`, `dateUpdated`, `uid`) VALUES ('39', '44', 'en_us', NULL, NULL, 'ASP.Net', '50', NULL, NULL, NULL, NULL, NULL, NULL, NULL, NULL, NULL, NULL, NULL, NULL, NULL, '2015-03-10 01:46:31', '2015-03-10 22:50:15', 'c824c68a-c20d-4e78-9769-1ec3c31d6267');
INSERT INTO `craft_matrixcontent_resumeblocks` (`id`, `elementId`, `locale`, `field_heading_heading`, `field_text_body`, `field_skillBar_skillTitle`, `field_skillBar_skillPercentage`, `field_education_schoolName`, `field_education_schoolLocation`, `field_education_degreeTitle`, `field_education_attendanceDates`, `field_education_mainContent`, `field_workExperience_companyName`, `field_workExperience_companyWebsite`, `field_workExperience_companyLocation`, `field_workExperience_jobTitle`, `field_workExperience_datesEmployed`, `field_workExperience_mainContent`, `field_list_listTitle`, `field_list_listBody`, `dateCreated`, `dateUpdated`, `uid`) VALUES ('40', '45', 'en_us', NULL, NULL, 'Io', '45', NULL, NULL, NULL, NULL, NULL, NULL, NULL, NULL, NULL, NULL, NULL, NULL, NULL, '2015-03-10 01:46:31', '2015-03-10 22:50:15', 'bdcfafec-d4c4-4ce5-8abc-90eba0b6f8c4');
INSERT INTO `craft_matrixcontent_resumeblocks` (`id`, `elementId`, `locale`, `field_heading_heading`, `field_text_body`, `field_skillBar_skillTitle`, `field_skillBar_skillPercentage`, `field_education_schoolName`, `field_education_schoolLocation`, `field_education_degreeTitle`, `field_education_attendanceDates`, `field_education_mainContent`, `field_workExperience_companyName`, `field_workExperience_companyWebsite`, `field_workExperience_companyLocation`, `field_workExperience_jobTitle`, `field_workExperience_datesEmployed`, `field_workExperience_mainContent`, `field_list_listTitle`, `field_list_listBody`, `dateCreated`, `dateUpdated`, `uid`) VALUES ('41', '46', 'en_us', NULL, NULL, 'Prolog', '43', NULL, NULL, NULL, NULL, NULL, NULL, NULL, NULL, NULL, NULL, NULL, NULL, NULL, '2015-03-10 01:46:31', '2015-03-10 22:50:15', '56ca1da2-7794-4f26-b735-2a21c6397570');
INSERT INTO `craft_matrixcontent_resumeblocks` (`id`, `elementId`, `locale`, `field_heading_heading`, `field_text_body`, `field_skillBar_skillTitle`, `field_skillBar_skillPercentage`, `field_education_schoolName`, `field_education_schoolLocation`, `field_education_degreeTitle`, `field_education_attendanceDates`, `field_education_mainContent`, `field_workExperience_companyName`, `field_workExperience_companyWebsite`, `field_workExperience_companyLocation`, `field_workExperience_jobTitle`, `field_workExperience_datesEmployed`, `field_workExperience_mainContent`, `field_list_listTitle`, `field_list_listBody`, `dateCreated`, `dateUpdated`, `uid`) VALUES ('42', '47', 'en_us', NULL, NULL, 'Gimp', '40', NULL, NULL, NULL, NULL, NULL, NULL, NULL, NULL, NULL, NULL, NULL, NULL, NULL, '2015-03-10 01:46:31', '2015-03-10 22:50:15', '0d980f85-f1b9-45dc-bdbf-a660979e681b');
INSERT INTO `craft_matrixcontent_resumeblocks` (`id`, `elementId`, `locale`, `field_heading_heading`, `field_text_body`, `field_skillBar_skillTitle`, `field_skillBar_skillPercentage`, `field_education_schoolName`, `field_education_schoolLocation`, `field_education_degreeTitle`, `field_education_attendanceDates`, `field_education_mainContent`, `field_workExperience_companyName`, `field_workExperience_companyWebsite`, `field_workExperience_companyLocation`, `field_workExperience_jobTitle`, `field_workExperience_datesEmployed`, `field_workExperience_mainContent`, `field_list_listTitle`, `field_list_listBody`, `dateCreated`, `dateUpdated`, `uid`) VALUES ('43', '48', 'en_us', NULL, NULL, 'Python', '35', NULL, NULL, NULL, NULL, NULL, NULL, NULL, NULL, NULL, NULL, NULL, NULL, NULL, '2015-03-10 01:46:31', '2015-03-10 22:50:15', 'eb97da85-85a8-4099-98a0-136179fe9f6e');
INSERT INTO `craft_matrixcontent_resumeblocks` (`id`, `elementId`, `locale`, `field_heading_heading`, `field_text_body`, `field_skillBar_skillTitle`, `field_skillBar_skillPercentage`, `field_education_schoolName`, `field_education_schoolLocation`, `field_education_degreeTitle`, `field_education_attendanceDates`, `field_education_mainContent`, `field_workExperience_companyName`, `field_workExperience_companyWebsite`, `field_workExperience_companyLocation`, `field_workExperience_jobTitle`, `field_workExperience_datesEmployed`, `field_workExperience_mainContent`, `field_list_listTitle`, `field_list_listBody`, `dateCreated`, `dateUpdated`, `uid`) VALUES ('44', '49', 'en_us', NULL, NULL, 'Matlab', '20', NULL, NULL, NULL, NULL, NULL, NULL, NULL, NULL, NULL, NULL, NULL, NULL, NULL, '2015-03-10 01:46:31', '2015-03-10 22:50:15', '164eee23-e699-4a05-b666-6153833c29f8');
INSERT INTO `craft_matrixcontent_resumeblocks` (`id`, `elementId`, `locale`, `field_heading_heading`, `field_text_body`, `field_skillBar_skillTitle`, `field_skillBar_skillPercentage`, `field_education_schoolName`, `field_education_schoolLocation`, `field_education_degreeTitle`, `field_education_attendanceDates`, `field_education_mainContent`, `field_workExperience_companyName`, `field_workExperience_companyWebsite`, `field_workExperience_companyLocation`, `field_workExperience_jobTitle`, `field_workExperience_datesEmployed`, `field_workExperience_mainContent`, `field_list_listTitle`, `field_list_listBody`, `dateCreated`, `dateUpdated`, `uid`) VALUES ('45', '50', 'en_us', NULL, NULL, NULL, NULL, NULL, NULL, NULL, NULL, NULL, 'Brightbit', 'http://brightbit.com', 'Oklahoma City, OK', 'Web Developer', 'September 2013 - January 2014', '<ul>\r\n	<li>Develop custom and responsive applications with Ruby on Rails, Javascript, AJAX, SQL, Zsh, HTML5, and Sass</li>\r\n	<li>Co-led project specifically using Ember.js, Coffeescript, Rails API, web sockets, background jobs, and PostgreSQL</li>\r\n	<li>Implement APIs, services, packages, and gems such as Heroku, Faye, AWS, Cloudmailin, Bootstrap, Devise, Stripe, etc.</li>\r\n	<li>Perform test-driven development through TestUnit, RSpec, Minitest, Capybara, and QUnit</li>\r\n	<li>Master Vim, Git, and Tmux for development tools</li>\r\n</ul>', NULL, NULL, '2015-03-10 22:50:15', '2015-03-10 22:50:15', '20c3460e-40ba-4f09-b079-ff042da21e2d');
INSERT INTO `craft_matrixcontent_resumeblocks` (`id`, `elementId`, `locale`, `field_heading_heading`, `field_text_body`, `field_skillBar_skillTitle`, `field_skillBar_skillPercentage`, `field_education_schoolName`, `field_education_schoolLocation`, `field_education_degreeTitle`, `field_education_attendanceDates`, `field_education_mainContent`, `field_workExperience_companyName`, `field_workExperience_companyWebsite`, `field_workExperience_companyLocation`, `field_workExperience_jobTitle`, `field_workExperience_datesEmployed`, `field_workExperience_mainContent`, `field_list_listTitle`, `field_list_listBody`, `dateCreated`, `dateUpdated`, `uid`) VALUES ('46', '51', 'en_us', NULL, NULL, NULL, NULL, NULL, NULL, NULL, NULL, NULL, 'Adfitech, Inc.', 'https://adfitech.com', 'Edmond, OK', 'Software Developer', 'November 2011 - September 2013', '<ul>\r\n	<li>Developed various projects through combination of Ruby, PHP, C, Gtk+ MySQL, MongoDB, and Bash</li>\r\n	<li>Sole developer for enterprise-scale Underwriting tool, written using Ruby, Gtk+, MongoDB, Ctree, and Mysql</li>\r\n	<li>Utilized development tools such as Vim, Git, and background job handlers on a daily basis</li>\r\n	<li>Programmed in and administered Mac OS and Linux environments</li>\r\n</ul>', NULL, NULL, '2015-03-10 22:50:15', '2015-03-10 22:50:15', '9f925f45-93d2-4fbc-ac66-4f51421687a7');
INSERT INTO `craft_matrixcontent_resumeblocks` (`id`, `elementId`, `locale`, `field_heading_heading`, `field_text_body`, `field_skillBar_skillTitle`, `field_skillBar_skillPercentage`, `field_education_schoolName`, `field_education_schoolLocation`, `field_education_degreeTitle`, `field_education_attendanceDates`, `field_education_mainContent`, `field_workExperience_companyName`, `field_workExperience_companyWebsite`, `field_workExperience_companyLocation`, `field_workExperience_jobTitle`, `field_workExperience_datesEmployed`, `field_workExperience_mainContent`, `field_list_listTitle`, `field_list_listBody`, `dateCreated`, `dateUpdated`, `uid`) VALUES ('47', '52', 'en_us', NULL, NULL, NULL, NULL, NULL, NULL, NULL, NULL, NULL, 'GMX Resources', '', 'Oklahoma City, OK', 'Land Intern', 'June 2010 - November 2011', '<ul>\r\n	<li>Wrote several Microsoft Excel macros in VBA for the Division Order Department</li>\r\n	<li>Managed Division Order maintenance and outflow</li>\r\n	<li><strong>Recognition:</strong> GMXR Employee of Distinction</li>\r\n</ul>', NULL, NULL, '2015-03-10 22:50:15', '2015-03-10 22:50:15', '96083a56-d2c2-4512-b441-92df255ee46b');
INSERT INTO `craft_matrixcontent_resumeblocks` (`id`, `elementId`, `locale`, `field_heading_heading`, `field_text_body`, `field_skillBar_skillTitle`, `field_skillBar_skillPercentage`, `field_education_schoolName`, `field_education_schoolLocation`, `field_education_degreeTitle`, `field_education_attendanceDates`, `field_education_mainContent`, `field_workExperience_companyName`, `field_workExperience_companyWebsite`, `field_workExperience_companyLocation`, `field_workExperience_jobTitle`, `field_workExperience_datesEmployed`, `field_workExperience_mainContent`, `field_list_listTitle`, `field_list_listBody`, `dateCreated`, `dateUpdated`, `uid`) VALUES ('48', '53', 'en_us', NULL, NULL, NULL, NULL, NULL, NULL, NULL, NULL, NULL, 'Hertz Technology Center', 'https://www.hertz.com', 'Oklahoma City, OK', 'MIS Intern', 'April 2011 - August 2011', '<ul>\r\n	<li>Utilized T-SQL, C#, and ASP.NET to program an array of projects for Hertz</li>\r\n	<li>Developed multiple stored procedures, cursors, and triggers to aid in efficient database structuring</li>\r\n	<li>Engaged in database management team to help Hertz develop an innovative GPS system</li>\r\n</ul>', NULL, NULL, '2015-03-10 22:50:15', '2015-03-10 22:50:15', 'a78ed201-526e-417a-8a75-d3c36577e7e4');
INSERT INTO `craft_matrixcontent_resumeblocks` (`id`, `elementId`, `locale`, `field_heading_heading`, `field_text_body`, `field_skillBar_skillTitle`, `field_skillBar_skillPercentage`, `field_education_schoolName`, `field_education_schoolLocation`, `field_education_degreeTitle`, `field_education_attendanceDates`, `field_education_mainContent`, `field_workExperience_companyName`, `field_workExperience_companyWebsite`, `field_workExperience_companyLocation`, `field_workExperience_jobTitle`, `field_workExperience_datesEmployed`, `field_workExperience_mainContent`, `field_list_listTitle`, `field_list_listBody`, `dateCreated`, `dateUpdated`, `uid`) VALUES ('49', '54', 'en_us', 'Professional Experience', NULL, NULL, NULL, NULL, NULL, NULL, NULL, NULL, NULL, NULL, NULL, NULL, NULL, NULL, NULL, NULL, '2015-03-10 22:56:00', '2015-03-10 22:57:07', 'e00e1c2b-c013-41d5-aadb-41d06f69c88d');
INSERT INTO `craft_matrixcontent_resumeblocks` (`id`, `elementId`, `locale`, `field_heading_heading`, `field_text_body`, `field_skillBar_skillTitle`, `field_skillBar_skillPercentage`, `field_education_schoolName`, `field_education_schoolLocation`, `field_education_degreeTitle`, `field_education_attendanceDates`, `field_education_mainContent`, `field_workExperience_companyName`, `field_workExperience_companyWebsite`, `field_workExperience_companyLocation`, `field_workExperience_jobTitle`, `field_workExperience_datesEmployed`, `field_workExperience_mainContent`, `field_list_listTitle`, `field_list_listBody`, `dateCreated`, `dateUpdated`, `uid`) VALUES ('50', '55', 'en_us', NULL, NULL, NULL, NULL, NULL, NULL, NULL, NULL, NULL, 'University of Central Oklahoma', 'http://uco.edu', 'Edmond, OK', 'Dietetic Intern', 'June 2014 - Present', '', NULL, NULL, '2015-03-10 22:56:00', '2015-03-10 22:57:07', '3fa2506d-c6d6-484d-a4a9-b93b6fc84000');
INSERT INTO `craft_matrixcontent_resumeblocks` (`id`, `elementId`, `locale`, `field_heading_heading`, `field_text_body`, `field_skillBar_skillTitle`, `field_skillBar_skillPercentage`, `field_education_schoolName`, `field_education_schoolLocation`, `field_education_degreeTitle`, `field_education_attendanceDates`, `field_education_mainContent`, `field_workExperience_companyName`, `field_workExperience_companyWebsite`, `field_workExperience_companyLocation`, `field_workExperience_jobTitle`, `field_workExperience_datesEmployed`, `field_workExperience_mainContent`, `field_list_listTitle`, `field_list_listBody`, `dateCreated`, `dateUpdated`, `uid`) VALUES ('51', '56', 'en_us', NULL, NULL, NULL, NULL, NULL, NULL, NULL, NULL, NULL, 'Starbucks Coffee Company', 'http://starbucks.com', 'Edmond, OK', 'Barista', 'August 2013 - January 2014', '<ul>\r\n	<li>Memorized preparation procedures for several beverages, as well as handling and properly marking custom drink orders</li>\r\n	<li>Worked in fast-paced environment where high-traffic moments would last hours at a time</li>\r\n	<li>Practiced proper preparation and sanitization procedures for serving food and drink products, and adhering to national company standards</li>\r\n</ul>', NULL, NULL, '2015-03-10 22:56:00', '2015-03-10 22:57:07', '6a92c860-2db8-4913-a1cc-102c3243fabe');
INSERT INTO `craft_matrixcontent_resumeblocks` (`id`, `elementId`, `locale`, `field_heading_heading`, `field_text_body`, `field_skillBar_skillTitle`, `field_skillBar_skillPercentage`, `field_education_schoolName`, `field_education_schoolLocation`, `field_education_degreeTitle`, `field_education_attendanceDates`, `field_education_mainContent`, `field_workExperience_companyName`, `field_workExperience_companyWebsite`, `field_workExperience_companyLocation`, `field_workExperience_jobTitle`, `field_workExperience_datesEmployed`, `field_workExperience_mainContent`, `field_list_listTitle`, `field_list_listBody`, `dateCreated`, `dateUpdated`, `uid`) VALUES ('52', '57', 'en_us', NULL, NULL, NULL, NULL, NULL, NULL, NULL, NULL, NULL, 'Adfitech, Inc.', 'https://adfitech.com', 'Edmond, OK', 'Image Indexing Specialist', 'November 2012 - March 2013', '<ul>\r\n	<li>Analyzed and parsed thousands of loan-related documents per day at average rate of 1000 pages/hour</li>\r\n	<li>Communicated effectively with supervisors and managed time wisely while working remotely</li>\r\n	<li>Effectively balanced 20 hr. work week with full-time school schedule to ensure requirements for both were met</li>\r\n</ul>', NULL, NULL, '2015-03-10 22:56:00', '2015-03-10 22:57:07', '2070ad9b-8d5b-4372-afe9-bce2ed455c84');
INSERT INTO `craft_matrixcontent_resumeblocks` (`id`, `elementId`, `locale`, `field_heading_heading`, `field_text_body`, `field_skillBar_skillTitle`, `field_skillBar_skillPercentage`, `field_education_schoolName`, `field_education_schoolLocation`, `field_education_degreeTitle`, `field_education_attendanceDates`, `field_education_mainContent`, `field_workExperience_companyName`, `field_workExperience_companyWebsite`, `field_workExperience_companyLocation`, `field_workExperience_jobTitle`, `field_workExperience_datesEmployed`, `field_workExperience_mainContent`, `field_list_listTitle`, `field_list_listBody`, `dateCreated`, `dateUpdated`, `uid`) VALUES ('53', '58', 'en_us', NULL, NULL, NULL, NULL, NULL, NULL, NULL, NULL, NULL, 'Target Corporation', 'https://target.com', 'Edmond, OK', 'Various Roles', 'November 2008 - November 2012', '<ul>\r\n	<li>Cake Decorator (Most Recent)</li>\r\n	<li>Bakery Team Member</li>\r\n	<li>Store Operator</li>\r\n</ul>', NULL, NULL, '2015-03-10 22:56:00', '2015-03-10 22:57:07', 'eaa2d497-4069-4b62-ad41-520b000faa1b');
INSERT INTO `craft_matrixcontent_resumeblocks` (`id`, `elementId`, `locale`, `field_heading_heading`, `field_text_body`, `field_skillBar_skillTitle`, `field_skillBar_skillPercentage`, `field_education_schoolName`, `field_education_schoolLocation`, `field_education_degreeTitle`, `field_education_attendanceDates`, `field_education_mainContent`, `field_workExperience_companyName`, `field_workExperience_companyWebsite`, `field_workExperience_companyLocation`, `field_workExperience_jobTitle`, `field_workExperience_datesEmployed`, `field_workExperience_mainContent`, `field_list_listTitle`, `field_list_listBody`, `dateCreated`, `dateUpdated`, `uid`) VALUES ('54', '59', 'en_us', 'Awards and Interests', NULL, NULL, NULL, NULL, NULL, NULL, NULL, NULL, NULL, NULL, NULL, NULL, NULL, NULL, NULL, NULL, '2015-03-10 22:56:00', '2015-03-10 22:57:07', '081853a8-288f-40a5-98c1-d147c425705a');
INSERT INTO `craft_matrixcontent_resumeblocks` (`id`, `elementId`, `locale`, `field_heading_heading`, `field_text_body`, `field_skillBar_skillTitle`, `field_skillBar_skillPercentage`, `field_education_schoolName`, `field_education_schoolLocation`, `field_education_degreeTitle`, `field_education_attendanceDates`, `field_education_mainContent`, `field_workExperience_companyName`, `field_workExperience_companyWebsite`, `field_workExperience_companyLocation`, `field_workExperience_jobTitle`, `field_workExperience_datesEmployed`, `field_workExperience_mainContent`, `field_list_listTitle`, `field_list_listBody`, `dateCreated`, `dateUpdated`, `uid`) VALUES ('55', '60', 'en_us', NULL, NULL, NULL, NULL, NULL, NULL, NULL, NULL, NULL, NULL, NULL, NULL, NULL, NULL, NULL, 'Awards', '<p>\r\n	MLK Drum Major For Service Award<br>\r\n	President and Dean\'s Honor Roll<br>\r\n	Merit-Based Scholarship  UCO Human Environmental Science Program<br>\r\n	Most Active Officer  Iranian Student Association\r\n</p>', '2015-03-10 22:56:00', '2015-03-10 22:57:07', '764f078c-700a-48f6-97a1-a774c8d32acb');
INSERT INTO `craft_matrixcontent_resumeblocks` (`id`, `elementId`, `locale`, `field_heading_heading`, `field_text_body`, `field_skillBar_skillTitle`, `field_skillBar_skillPercentage`, `field_education_schoolName`, `field_education_schoolLocation`, `field_education_degreeTitle`, `field_education_attendanceDates`, `field_education_mainContent`, `field_workExperience_companyName`, `field_workExperience_companyWebsite`, `field_workExperience_companyLocation`, `field_workExperience_jobTitle`, `field_workExperience_datesEmployed`, `field_workExperience_mainContent`, `field_list_listTitle`, `field_list_listBody`, `dateCreated`, `dateUpdated`, `uid`) VALUES ('56', '61', 'en_us', NULL, NULL, NULL, NULL, NULL, NULL, NULL, NULL, NULL, NULL, NULL, NULL, NULL, NULL, NULL, 'Interests', '<p>\r\n	Nutrition<br>\r\n	Health and Fitness<br>\r\n	Tea<br>\r\n	Cooking and Cake Decorating<br>\r\n	Animals\r\n</p>', '2015-03-10 22:56:00', '2015-03-10 22:57:07', '797b9e2a-fadc-4258-8baa-7e2e74207709');



DROP TABLE IF EXISTS `craft_migrations`;


--
-- Schema for table `craft_migrations`
--
CREATE TABLE `craft_migrations` (
  `id` int(11) NOT NULL AUTO_INCREMENT,
  `pluginId` int(11) DEFAULT NULL,
  `version` varchar(255) COLLATE utf8_unicode_ci NOT NULL,
  `applyTime` datetime NOT NULL,
  `dateCreated` datetime NOT NULL,
  `dateUpdated` datetime NOT NULL,
  `uid` char(36) COLLATE utf8_unicode_ci NOT NULL DEFAULT '0',
  PRIMARY KEY (`id`),
  UNIQUE KEY `craft_migrations_version_unq_idx` (`version`),
  KEY `craft_migrations_pluginId_fk` (`pluginId`)
) ENGINE=InnoDB AUTO_INCREMENT=16 DEFAULT CHARSET=utf8 COLLATE=utf8_unicode_ci;

--
-- Data for table `craft_migrations`
--

INSERT INTO `craft_migrations` (`id`, `pluginId`, `version`, `applyTime`, `dateCreated`, `dateUpdated`, `uid`) VALUES ('1', NULL, 'm000000_000000_base', '2015-03-07 04:18:16', '2015-03-07 04:18:16', '2015-03-07 04:18:16', 'baabd188-1e34-48b4-bcd0-5c4969e8bce7');
INSERT INTO `craft_migrations` (`id`, `pluginId`, `version`, `applyTime`, `dateCreated`, `dateUpdated`, `uid`) VALUES ('2', NULL, 'm140730_000001_add_filename_and_format_to_transformindex', '2015-03-07 04:18:16', '2015-03-07 04:18:16', '2015-03-07 04:18:16', '786aa8fe-53ab-4521-bb6f-60504c7a7acf');
INSERT INTO `craft_migrations` (`id`, `pluginId`, `version`, `applyTime`, `dateCreated`, `dateUpdated`, `uid`) VALUES ('3', NULL, 'm140815_000001_add_format_to_transforms', '2015-03-07 04:18:16', '2015-03-07 04:18:16', '2015-03-07 04:18:16', '4561f16f-d5c4-48f7-ac9e-1bb8fd31cc8d');
INSERT INTO `craft_migrations` (`id`, `pluginId`, `version`, `applyTime`, `dateCreated`, `dateUpdated`, `uid`) VALUES ('4', NULL, 'm140822_000001_allow_more_than_128_items_per_field', '2015-03-07 04:18:16', '2015-03-07 04:18:16', '2015-03-07 04:18:16', '9bf6ad62-fe95-4c35-ab3f-ee6bae43b7a0');
INSERT INTO `craft_migrations` (`id`, `pluginId`, `version`, `applyTime`, `dateCreated`, `dateUpdated`, `uid`) VALUES ('5', NULL, 'm140829_000001_single_title_formats', '2015-03-07 04:18:16', '2015-03-07 04:18:16', '2015-03-07 04:18:16', 'ecdc4300-a561-4342-a3a6-90b81f17fe98');
INSERT INTO `craft_migrations` (`id`, `pluginId`, `version`, `applyTime`, `dateCreated`, `dateUpdated`, `uid`) VALUES ('6', NULL, 'm140831_000001_extended_cache_keys', '2015-03-07 04:18:16', '2015-03-07 04:18:16', '2015-03-07 04:18:16', '5f8c519a-e98e-4413-835d-70ba959b65c0');
INSERT INTO `craft_migrations` (`id`, `pluginId`, `version`, `applyTime`, `dateCreated`, `dateUpdated`, `uid`) VALUES ('7', NULL, 'm140922_000001_delete_orphaned_matrix_blocks', '2015-03-07 04:18:16', '2015-03-07 04:18:16', '2015-03-07 04:18:16', '5e3a7b12-5474-4892-b3f5-4e2c6483c84c');
INSERT INTO `craft_migrations` (`id`, `pluginId`, `version`, `applyTime`, `dateCreated`, `dateUpdated`, `uid`) VALUES ('8', NULL, 'm141008_000001_elements_index_tune', '2015-03-07 04:18:16', '2015-03-07 04:18:16', '2015-03-07 04:18:16', 'a66f7677-171c-49fa-8afb-8342559f9071');
INSERT INTO `craft_migrations` (`id`, `pluginId`, `version`, `applyTime`, `dateCreated`, `dateUpdated`, `uid`) VALUES ('9', NULL, 'm141009_000001_assets_source_handle', '2015-03-07 04:18:16', '2015-03-07 04:18:16', '2015-03-07 04:18:16', '8a4d917e-2ec2-42ad-8cdf-a23d74e84661');
INSERT INTO `craft_migrations` (`id`, `pluginId`, `version`, `applyTime`, `dateCreated`, `dateUpdated`, `uid`) VALUES ('10', NULL, 'm141024_000001_field_layout_tabs', '2015-03-07 04:18:16', '2015-03-07 04:18:16', '2015-03-07 04:18:16', '70dbcb0d-ef0d-47fb-a62a-fd21bfa4c573');
INSERT INTO `craft_migrations` (`id`, `pluginId`, `version`, `applyTime`, `dateCreated`, `dateUpdated`, `uid`) VALUES ('11', NULL, 'm141030_000001_drop_structure_move_permission', '2015-03-07 04:18:16', '2015-03-07 04:18:16', '2015-03-07 04:18:16', '5683dee1-0008-44a3-ba4c-543856dc5581');
INSERT INTO `craft_migrations` (`id`, `pluginId`, `version`, `applyTime`, `dateCreated`, `dateUpdated`, `uid`) VALUES ('12', NULL, 'm141103_000001_tag_titles', '2015-03-07 04:18:16', '2015-03-07 04:18:16', '2015-03-07 04:18:16', '31927e20-8909-42f5-b7f7-66044d08874e');
INSERT INTO `craft_migrations` (`id`, `pluginId`, `version`, `applyTime`, `dateCreated`, `dateUpdated`, `uid`) VALUES ('13', NULL, 'm141109_000001_user_status_shuffle', '2015-03-07 04:18:16', '2015-03-07 04:18:16', '2015-03-07 04:18:16', '47d3cc15-fff0-4704-8745-a2f30f438ac7');
INSERT INTO `craft_migrations` (`id`, `pluginId`, `version`, `applyTime`, `dateCreated`, `dateUpdated`, `uid`) VALUES ('14', NULL, 'm141126_000001_user_week_start_day', '2015-03-07 04:18:16', '2015-03-07 04:18:16', '2015-03-07 04:18:16', '8a5b7424-2a2a-4ccf-b264-6b84798dd73a');
INSERT INTO `craft_migrations` (`id`, `pluginId`, `version`, `applyTime`, `dateCreated`, `dateUpdated`, `uid`) VALUES ('15', NULL, 'm150210_000001_adjust_user_photo_size', '2015-03-07 04:18:16', '2015-03-07 04:18:16', '2015-03-07 04:18:16', '13efc00b-70a6-4f22-af58-dfa7c5f33f22');



DROP TABLE IF EXISTS `craft_plugins`;


--
-- Schema for table `craft_plugins`
--
CREATE TABLE `craft_plugins` (
  `id` int(11) NOT NULL AUTO_INCREMENT,
  `class` varchar(150) COLLATE utf8_unicode_ci NOT NULL,
  `version` char(15) COLLATE utf8_unicode_ci NOT NULL,
  `enabled` tinyint(1) unsigned NOT NULL DEFAULT '0',
  `settings` text COLLATE utf8_unicode_ci,
  `installDate` datetime NOT NULL,
  `dateCreated` datetime NOT NULL,
  `dateUpdated` datetime NOT NULL,
  `uid` char(36) COLLATE utf8_unicode_ci NOT NULL DEFAULT '0',
  PRIMARY KEY (`id`)
) ENGINE=InnoDB DEFAULT CHARSET=utf8 COLLATE=utf8_unicode_ci;

DROP TABLE IF EXISTS `craft_rackspaceaccess`;


--
-- Schema for table `craft_rackspaceaccess`
--
CREATE TABLE `craft_rackspaceaccess` (
  `id` int(11) NOT NULL AUTO_INCREMENT,
  `connectionKey` varchar(255) COLLATE utf8_unicode_ci NOT NULL,
  `token` varchar(255) COLLATE utf8_unicode_ci NOT NULL,
  `storageUrl` varchar(255) COLLATE utf8_unicode_ci NOT NULL,
  `cdnUrl` varchar(255) COLLATE utf8_unicode_ci NOT NULL,
  `dateCreated` datetime NOT NULL,
  `dateUpdated` datetime NOT NULL,
  `uid` char(36) COLLATE utf8_unicode_ci NOT NULL DEFAULT '0',
  PRIMARY KEY (`id`),
  UNIQUE KEY `craft_rackspaceaccess_connectionKey_unq_idx` (`connectionKey`)
) ENGINE=InnoDB DEFAULT CHARSET=utf8 COLLATE=utf8_unicode_ci;

DROP TABLE IF EXISTS `craft_relations`;


--
-- Schema for table `craft_relations`
--
CREATE TABLE `craft_relations` (
  `id` int(11) NOT NULL AUTO_INCREMENT,
  `fieldId` int(11) NOT NULL,
  `sourceId` int(11) NOT NULL,
  `sourceLocale` char(12) COLLATE utf8_unicode_ci DEFAULT NULL,
  `targetId` int(11) NOT NULL,
  `sortOrder` smallint(6) DEFAULT NULL,
  `dateCreated` datetime NOT NULL,
  `dateUpdated` datetime NOT NULL,
  `uid` char(36) COLLATE utf8_unicode_ci NOT NULL DEFAULT '0',
  PRIMARY KEY (`id`),
  UNIQUE KEY `craft_relations_fieldId_sourceId_sourceLocale_targetId_unq_idx` (`fieldId`,`sourceId`,`sourceLocale`,`targetId`),
  KEY `craft_relations_sourceId_fk` (`sourceId`),
  KEY `craft_relations_sourceLocale_fk` (`sourceLocale`),
  KEY `craft_relations_targetId_fk` (`targetId`)
) ENGINE=InnoDB DEFAULT CHARSET=utf8 COLLATE=utf8_unicode_ci;

DROP TABLE IF EXISTS `craft_routes`;


--
-- Schema for table `craft_routes`
--
CREATE TABLE `craft_routes` (
  `id` int(11) NOT NULL AUTO_INCREMENT,
  `locale` char(12) COLLATE utf8_unicode_ci DEFAULT NULL,
  `urlParts` varchar(255) COLLATE utf8_unicode_ci NOT NULL,
  `urlPattern` varchar(255) COLLATE utf8_unicode_ci NOT NULL,
  `template` varchar(255) COLLATE utf8_unicode_ci NOT NULL,
  `sortOrder` tinyint(4) DEFAULT NULL,
  `dateCreated` datetime NOT NULL,
  `dateUpdated` datetime NOT NULL,
  `uid` char(36) COLLATE utf8_unicode_ci NOT NULL DEFAULT '0',
  PRIMARY KEY (`id`),
  UNIQUE KEY `craft_routes_urlPattern_unq_idx` (`urlPattern`),
  KEY `craft_routes_locale_idx` (`locale`)
) ENGINE=InnoDB AUTO_INCREMENT=2 DEFAULT CHARSET=utf8 COLLATE=utf8_unicode_ci;

DROP TABLE IF EXISTS `craft_searchindex`;


--
-- Schema for table `craft_searchindex`
--
CREATE TABLE `craft_searchindex` (
  `elementId` int(11) NOT NULL,
  `attribute` varchar(25) COLLATE utf8_unicode_ci NOT NULL,
  `fieldId` int(11) NOT NULL,
  `locale` char(12) COLLATE utf8_unicode_ci NOT NULL,
  `keywords` text COLLATE utf8_unicode_ci NOT NULL,
  PRIMARY KEY (`elementId`,`attribute`,`fieldId`,`locale`),
  FULLTEXT KEY `craft_searchindex_keywords_idx` (`keywords`)
) ENGINE=MyISAM DEFAULT CHARSET=utf8 COLLATE=utf8_unicode_ci;

--
-- Data for table `craft_searchindex`
--

INSERT INTO `craft_searchindex` (`elementId`, `attribute`, `fieldId`, `locale`, `keywords`) VALUES ('1', 'username', '0', 'en_us', ' admin ');
INSERT INTO `craft_searchindex` (`elementId`, `attribute`, `fieldId`, `locale`, `keywords`) VALUES ('1', 'firstname', '0', 'en_us', '');
INSERT INTO `craft_searchindex` (`elementId`, `attribute`, `fieldId`, `locale`, `keywords`) VALUES ('1', 'lastname', '0', 'en_us', '');
INSERT INTO `craft_searchindex` (`elementId`, `attribute`, `fieldId`, `locale`, `keywords`) VALUES ('1', 'fullname', '0', 'en_us', '');
INSERT INTO `craft_searchindex` (`elementId`, `attribute`, `fieldId`, `locale`, `keywords`) VALUES ('1', 'email', '0', 'en_us', ' alkrauss48 gmail com ');
INSERT INTO `craft_searchindex` (`elementId`, `attribute`, `fieldId`, `locale`, `keywords`) VALUES ('1', 'slug', '0', 'en_us', '');
INSERT INTO `craft_searchindex` (`elementId`, `attribute`, `fieldId`, `locale`, `keywords`) VALUES ('2', 'field', '1', 'en_us', ' it s true this site doesn t have a whole lot of content yet but don t worry our web developers have just installed the cms and they re setting things up for the content editors this very moment soon localhost will be an oasis of fresh perspectives sharp analyses and astute opinions that will keep you coming back again and again ');
INSERT INTO `craft_searchindex` (`elementId`, `attribute`, `fieldId`, `locale`, `keywords`) VALUES ('2', 'slug', '0', 'en_us', ' aaron krauss ');
INSERT INTO `craft_searchindex` (`elementId`, `attribute`, `fieldId`, `locale`, `keywords`) VALUES ('2', 'title', '0', 'en_us', ' aaron l krauss ');
INSERT INTO `craft_searchindex` (`elementId`, `attribute`, `fieldId`, `locale`, `keywords`) VALUES ('4', 'field', '5', 'en_us', ' about ');
INSERT INTO `craft_searchindex` (`elementId`, `attribute`, `fieldId`, `locale`, `keywords`) VALUES ('4', 'slug', '0', 'en_us', '');
INSERT INTO `craft_searchindex` (`elementId`, `attribute`, `fieldId`, `locale`, `keywords`) VALUES ('5', 'field', '6', 'en_us', ' aaron krauss is currently a web developer working at staplegun in oklahoma city oklahoma he specializes in open source and available technologies such as ruby php javascript html5 css3 git sql mongodb shell java c c etc but also has experience with proprietary languages as well such as c asp net vb net and sql server ');
INSERT INTO `craft_searchindex` (`elementId`, `attribute`, `fieldId`, `locale`, `keywords`) VALUES ('2', 'field', '3', 'en_us', ' about aaron krauss is currently a web developer working at staplegun in oklahoma city oklahoma he specializes in open source and available technologies such as ruby php javascript html5 css3 git sql mongodb shell java c c etc but also has experience with proprietary languages as well such as c asp net vb net and sql server education january 2011 may 2012 bachelor of business administration major management information systems honors graduated with distinction senior project developed help desk ticketing net web forms for the faa customer service center norman ok university of oklahoma august 2008 december 2010 bachelor of science major engineering management information systems notable projects lego mindstorm robotics project java term frequency inverse document frequency search engine c c dallas tx southern methodist university professional experience oklahoma city ok staplegun inc http staplegun us february 2014 present web developer build interactive web sites with html5 sass javascript and preprocessors and build automation tools implement and develop for different cmss including wordpress modx and craft cms develop fully responsiveness all devices accessible for disabled users and browser supported sites ie8 take web applications to the next level with node js faye js d3 js and more oklahoma city ok brightbit http brightbit com september 2013 january 2014 web developer develop custom and responsive applications with ruby on rails javascript ajax sql zsh html5 and sass co led project specifically using ember js coffeescript rails api web sockets background jobs and postgresql implement apis services packages and gems such as heroku faye aws cloudmailin bootstrap devise stripe etc perform test driven development through testunit rspec minitest capybara and qunit master vim git and tmux for development tools edmond ok adfitech inc https adfitech com november 2011 september 2013 software developer developed various projects through combination of ruby php c gtk mysql mongodb and bash sole developer for enterprise scale underwriting tool written using ruby gtk mongodb ctree and mysql utilized development tools such as vim git and background job handlers on a daily basis programmed in and administered mac os and linux environments oklahoma city ok gmx resources june 2010 november 2011 land intern wrote several microsoft excel macros in vba for the division order department managed division order maintenance and outflow recognition gmxr employee of distinction oklahoma city ok hertz technology center https www hertz com april 2011 august 2011 mis intern utilized t sql c and asp net to program an array of projects for hertz developed multiple stored procedures cursors and triggers to aid in efficient database structuring engaged in database management team to help hertz develop an innovative gps system technical 95 ruby rails 95 git 95 vim 93 css sass 91 javascript 88 html5 85 apis 83 shell tmux 80 sql 70 nosql dbs 65 dns 65 c c 60 java 57 c 55 vb net 53 go 50 asp net 45 io 43 prolog 40 gimp 35 python 20 matlab awards and interests ou mis scholarship smu presidents scholarship oklahoma all state tennis champion west national merit commended valedictorian awards conversational proficiency in german language programming layla tea beer podcasts walking my dog interests ');
INSERT INTO `craft_searchindex` (`elementId`, `attribute`, `fieldId`, `locale`, `keywords`) VALUES ('5', 'slug', '0', 'en_us', '');
INSERT INTO `craft_searchindex` (`elementId`, `attribute`, `fieldId`, `locale`, `keywords`) VALUES ('2', 'field', '22', 'en_us', ' paper ');
INSERT INTO `craft_searchindex` (`elementId`, `attribute`, `fieldId`, `locale`, `keywords`) VALUES ('2', 'field', '23', 'en_us', ' http thesocietea org ');
INSERT INTO `craft_searchindex` (`elementId`, `attribute`, `fieldId`, `locale`, `keywords`) VALUES ('2', 'field', '24', 'en_us', ' alkrauss48 gmail com ');
INSERT INTO `craft_searchindex` (`elementId`, `attribute`, `fieldId`, `locale`, `keywords`) VALUES ('2', 'field', '25', 'en_us', '');
INSERT INTO `craft_searchindex` (`elementId`, `attribute`, `fieldId`, `locale`, `keywords`) VALUES ('7', 'field', '5', 'en_us', ' education ');
INSERT INTO `craft_searchindex` (`elementId`, `attribute`, `fieldId`, `locale`, `keywords`) VALUES ('7', 'slug', '0', 'en_us', '');
INSERT INTO `craft_searchindex` (`elementId`, `attribute`, `fieldId`, `locale`, `keywords`) VALUES ('8', 'field', '9', 'en_us', ' university of oklahoma ');
INSERT INTO `craft_searchindex` (`elementId`, `attribute`, `fieldId`, `locale`, `keywords`) VALUES ('8', 'field', '10', 'en_us', ' norman ok ');
INSERT INTO `craft_searchindex` (`elementId`, `attribute`, `fieldId`, `locale`, `keywords`) VALUES ('8', 'field', '11', 'en_us', ' bachelor of business administration ');
INSERT INTO `craft_searchindex` (`elementId`, `attribute`, `fieldId`, `locale`, `keywords`) VALUES ('8', 'field', '12', 'en_us', ' january 2011 may 2012 ');
INSERT INTO `craft_searchindex` (`elementId`, `attribute`, `fieldId`, `locale`, `keywords`) VALUES ('8', 'field', '13', 'en_us', ' major management information systems honors graduated with distinction senior project developed help desk ticketing net web forms for the faa customer service center ');
INSERT INTO `craft_searchindex` (`elementId`, `attribute`, `fieldId`, `locale`, `keywords`) VALUES ('8', 'slug', '0', 'en_us', '');
INSERT INTO `craft_searchindex` (`elementId`, `attribute`, `fieldId`, `locale`, `keywords`) VALUES ('9', 'field', '9', 'en_us', ' southern methodist university ');
INSERT INTO `craft_searchindex` (`elementId`, `attribute`, `fieldId`, `locale`, `keywords`) VALUES ('9', 'field', '10', 'en_us', ' dallas tx ');
INSERT INTO `craft_searchindex` (`elementId`, `attribute`, `fieldId`, `locale`, `keywords`) VALUES ('9', 'field', '11', 'en_us', ' bachelor of science ');
INSERT INTO `craft_searchindex` (`elementId`, `attribute`, `fieldId`, `locale`, `keywords`) VALUES ('9', 'field', '12', 'en_us', ' august 2008 december 2010 ');
INSERT INTO `craft_searchindex` (`elementId`, `attribute`, `fieldId`, `locale`, `keywords`) VALUES ('9', 'field', '13', 'en_us', ' major engineering management information systems notable projects lego mindstorm robotics project java term frequency inverse document frequency search engine c c ');
INSERT INTO `craft_searchindex` (`elementId`, `attribute`, `fieldId`, `locale`, `keywords`) VALUES ('9', 'slug', '0', 'en_us', '');
INSERT INTO `craft_searchindex` (`elementId`, `attribute`, `fieldId`, `locale`, `keywords`) VALUES ('10', 'field', '5', 'en_us', ' professional experience ');
INSERT INTO `craft_searchindex` (`elementId`, `attribute`, `fieldId`, `locale`, `keywords`) VALUES ('10', 'slug', '0', 'en_us', '');
INSERT INTO `craft_searchindex` (`elementId`, `attribute`, `fieldId`, `locale`, `keywords`) VALUES ('11', 'field', '14', 'en_us', ' staplegun inc ');
INSERT INTO `craft_searchindex` (`elementId`, `attribute`, `fieldId`, `locale`, `keywords`) VALUES ('11', 'field', '15', 'en_us', ' http staplegun us ');
INSERT INTO `craft_searchindex` (`elementId`, `attribute`, `fieldId`, `locale`, `keywords`) VALUES ('11', 'field', '16', 'en_us', ' oklahoma city ok ');
INSERT INTO `craft_searchindex` (`elementId`, `attribute`, `fieldId`, `locale`, `keywords`) VALUES ('11', 'field', '17', 'en_us', ' web developer ');
INSERT INTO `craft_searchindex` (`elementId`, `attribute`, `fieldId`, `locale`, `keywords`) VALUES ('11', 'field', '18', 'en_us', ' february 2014 present ');
INSERT INTO `craft_searchindex` (`elementId`, `attribute`, `fieldId`, `locale`, `keywords`) VALUES ('11', 'field', '19', 'en_us', ' build interactive web sites with html5 sass javascript and preprocessors and build automation tools implement and develop for different cmss including wordpress modx and craft cms develop fully responsiveness all devices accessible for disabled users and browser supported sites ie8 take web applications to the next level with node js faye js d3 js and more ');
INSERT INTO `craft_searchindex` (`elementId`, `attribute`, `fieldId`, `locale`, `keywords`) VALUES ('11', 'slug', '0', 'en_us', '');
INSERT INTO `craft_searchindex` (`elementId`, `attribute`, `fieldId`, `locale`, `keywords`) VALUES ('12', 'field', '5', 'en_us', ' technical ');
INSERT INTO `craft_searchindex` (`elementId`, `attribute`, `fieldId`, `locale`, `keywords`) VALUES ('12', 'slug', '0', 'en_us', '');
INSERT INTO `craft_searchindex` (`elementId`, `attribute`, `fieldId`, `locale`, `keywords`) VALUES ('13', 'field', '7', 'en_us', ' ruby rails ');
INSERT INTO `craft_searchindex` (`elementId`, `attribute`, `fieldId`, `locale`, `keywords`) VALUES ('13', 'field', '8', 'en_us', ' 95 ');
INSERT INTO `craft_searchindex` (`elementId`, `attribute`, `fieldId`, `locale`, `keywords`) VALUES ('13', 'slug', '0', 'en_us', '');
INSERT INTO `craft_searchindex` (`elementId`, `attribute`, `fieldId`, `locale`, `keywords`) VALUES ('14', 'field', '7', 'en_us', ' git ');
INSERT INTO `craft_searchindex` (`elementId`, `attribute`, `fieldId`, `locale`, `keywords`) VALUES ('14', 'field', '8', 'en_us', ' 95 ');
INSERT INTO `craft_searchindex` (`elementId`, `attribute`, `fieldId`, `locale`, `keywords`) VALUES ('14', 'slug', '0', 'en_us', '');
INSERT INTO `craft_searchindex` (`elementId`, `attribute`, `fieldId`, `locale`, `keywords`) VALUES ('15', 'field', '5', 'en_us', ' awards and interests ');
INSERT INTO `craft_searchindex` (`elementId`, `attribute`, `fieldId`, `locale`, `keywords`) VALUES ('15', 'slug', '0', 'en_us', '');
INSERT INTO `craft_searchindex` (`elementId`, `attribute`, `fieldId`, `locale`, `keywords`) VALUES ('16', 'field', '20', 'en_us', ' awards ');
INSERT INTO `craft_searchindex` (`elementId`, `attribute`, `fieldId`, `locale`, `keywords`) VALUES ('16', 'field', '21', 'en_us', ' ou mis scholarship smu presidents scholarship oklahoma all state tennis champion west national merit commended valedictorian ');
INSERT INTO `craft_searchindex` (`elementId`, `attribute`, `fieldId`, `locale`, `keywords`) VALUES ('16', 'slug', '0', 'en_us', '');
INSERT INTO `craft_searchindex` (`elementId`, `attribute`, `fieldId`, `locale`, `keywords`) VALUES ('17', 'field', '20', 'en_us', ' language ');
INSERT INTO `craft_searchindex` (`elementId`, `attribute`, `fieldId`, `locale`, `keywords`) VALUES ('17', 'field', '21', 'en_us', ' conversational proficiency in german ');
INSERT INTO `craft_searchindex` (`elementId`, `attribute`, `fieldId`, `locale`, `keywords`) VALUES ('17', 'slug', '0', 'en_us', '');
INSERT INTO `craft_searchindex` (`elementId`, `attribute`, `fieldId`, `locale`, `keywords`) VALUES ('18', 'field', '20', 'en_us', ' interests ');
INSERT INTO `craft_searchindex` (`elementId`, `attribute`, `fieldId`, `locale`, `keywords`) VALUES ('18', 'field', '21', 'en_us', ' programming layla tea beer podcasts walking my dog ');
INSERT INTO `craft_searchindex` (`elementId`, `attribute`, `fieldId`, `locale`, `keywords`) VALUES ('18', 'slug', '0', 'en_us', '');
INSERT INTO `craft_searchindex` (`elementId`, `attribute`, `fieldId`, `locale`, `keywords`) VALUES ('2', 'field', '26', 'en_us', ' ua 38589428 1 ');
INSERT INTO `craft_searchindex` (`elementId`, `attribute`, `fieldId`, `locale`, `keywords`) VALUES ('30', 'field', '7', 'en_us', ' vim ');
INSERT INTO `craft_searchindex` (`elementId`, `attribute`, `fieldId`, `locale`, `keywords`) VALUES ('19', 'field', '3', 'en_us', ' about layla niavarani is currently a student in nutrition dietetics and food management at the university of central oklahoma in edmond oklahoma she plans to graduate in may of 2014 and attend graduate school thereafter seeking a master of science in nutrition and dietetics and ultimately desiring to become a registered dietitian she also has a small history of decorating cakes please see www misslaylacakes com for more information and photos education june 2014 may 2015 master of science major nutrition and food management gpa 3 65 edmond ok university of central oklahoma august 2009 may 2014 bachelor of science major nutrition dietetics and food management gpa 3 65 honors president s honor roll edmond ok university of central oklaoma leadership activities uco sigma alpha lambda honors 2011 2014 president v p led organization of over 100 members through monthly meetings and regular volunteer activities sought and created several extracurricular volunteer opportunities across the metro area maintained regular contact with national advisors regarding organizational progress headed group wide communication through email social media and personal announcements uco phi upsilon omicron honors 2013 2014 president transitioned the organization from irregular gatherings to monthly meetings and regular communication worked with my advisor and national office in order to rebuild correct member contact information led all meetings for our members as well as the formal initiation ceremonies for our new members helped plan for and promote our annual big community service event during the spring semester uco student academy of nutrition and dietetics 2013 2014 student liason relayed information between the academy and members of the student academy of nutrition and dietetics coordinated with fellow student liaison to organize newsletters and other communication methods uco iranian student association 2009 2012 president v p hosted city wide series of meetings with 50 70 iranian adults professors discussing how to further advance iranian culture in the united states met regularly with other officers and was chief planner for representing the country of iran in university wide culture fairs professional experience edmond ok university of central oklahoma http uco edu june 2014 present dietetic intern edmond ok starbucks coffee company http starbucks com august 2013 january 2014 barista memorized preparation procedures for several beverages as well as handling and properly marking custom drink orders worked in fast paced environment where high traffic moments would last hours at a time practiced proper preparation and sanitization procedures for serving food and drink products and adhering to national company standards edmond ok adfitech inc https adfitech com november 2012 march 2013 image indexing specialist analyzed and parsed thousands of loan related documents per day at average rate of 1000 pages hour communicated effectively with supervisors and managed time wisely while working remotely effectively balanced 20 hr work week with full time school schedule to ensure requirements for both were met edmond ok target corporation https target com november 2008 november 2012 various roles cake decorator most recent bakery team member store operator awards and interests mlk drum major for service award president and dean s honor roll merit based scholarship uco human environmental science program most active officer iranian student association awards nutrition health and fitness tea cooking and cake decorating animals interests ');
INSERT INTO `craft_searchindex` (`elementId`, `attribute`, `fieldId`, `locale`, `keywords`) VALUES ('19', 'field', '22', 'en_us', ' spacelab ');
INSERT INTO `craft_searchindex` (`elementId`, `attribute`, `fieldId`, `locale`, `keywords`) VALUES ('19', 'field', '23', 'en_us', ' http misslaylacakes com ');
INSERT INTO `craft_searchindex` (`elementId`, `attribute`, `fieldId`, `locale`, `keywords`) VALUES ('19', 'field', '24', 'en_us', ' laylan gmail com ');
INSERT INTO `craft_searchindex` (`elementId`, `attribute`, `fieldId`, `locale`, `keywords`) VALUES ('19', 'field', '26', 'en_us', ' ua 38589428 2 ');
INSERT INTO `craft_searchindex` (`elementId`, `attribute`, `fieldId`, `locale`, `keywords`) VALUES ('19', 'field', '25', 'en_us', '');
INSERT INTO `craft_searchindex` (`elementId`, `attribute`, `fieldId`, `locale`, `keywords`) VALUES ('19', 'slug', '0', 'en_us', ' layla niavarani ');
INSERT INTO `craft_searchindex` (`elementId`, `attribute`, `fieldId`, `locale`, `keywords`) VALUES ('19', 'title', '0', 'en_us', ' layla r niavarani ');
INSERT INTO `craft_searchindex` (`elementId`, `attribute`, `fieldId`, `locale`, `keywords`) VALUES ('20', 'field', '5', 'en_us', ' about ');
INSERT INTO `craft_searchindex` (`elementId`, `attribute`, `fieldId`, `locale`, `keywords`) VALUES ('20', 'slug', '0', 'en_us', '');
INSERT INTO `craft_searchindex` (`elementId`, `attribute`, `fieldId`, `locale`, `keywords`) VALUES ('21', 'field', '6', 'en_us', ' layla niavarani is currently a student in nutrition dietetics and food management at the university of central oklahoma in edmond oklahoma she plans to graduate in may of 2014 and attend graduate school thereafter seeking a master of science in nutrition and dietetics and ultimately desiring to become a registered dietitian she also has a small history of decorating cakes please see www misslaylacakes com for more information and photos ');
INSERT INTO `craft_searchindex` (`elementId`, `attribute`, `fieldId`, `locale`, `keywords`) VALUES ('21', 'slug', '0', 'en_us', '');
INSERT INTO `craft_searchindex` (`elementId`, `attribute`, `fieldId`, `locale`, `keywords`) VALUES ('22', 'field', '5', 'en_us', ' education ');
INSERT INTO `craft_searchindex` (`elementId`, `attribute`, `fieldId`, `locale`, `keywords`) VALUES ('22', 'slug', '0', 'en_us', '');
INSERT INTO `craft_searchindex` (`elementId`, `attribute`, `fieldId`, `locale`, `keywords`) VALUES ('23', 'field', '9', 'en_us', ' university of central oklaoma ');
INSERT INTO `craft_searchindex` (`elementId`, `attribute`, `fieldId`, `locale`, `keywords`) VALUES ('23', 'field', '10', 'en_us', ' edmond ok ');
INSERT INTO `craft_searchindex` (`elementId`, `attribute`, `fieldId`, `locale`, `keywords`) VALUES ('23', 'field', '11', 'en_us', ' bachelor of science ');
INSERT INTO `craft_searchindex` (`elementId`, `attribute`, `fieldId`, `locale`, `keywords`) VALUES ('23', 'field', '12', 'en_us', ' august 2009 may 2014 ');
INSERT INTO `craft_searchindex` (`elementId`, `attribute`, `fieldId`, `locale`, `keywords`) VALUES ('23', 'field', '13', 'en_us', ' major nutrition dietetics and food management gpa 3 65 honors president s honor roll ');
INSERT INTO `craft_searchindex` (`elementId`, `attribute`, `fieldId`, `locale`, `keywords`) VALUES ('23', 'slug', '0', 'en_us', '');
INSERT INTO `craft_searchindex` (`elementId`, `attribute`, `fieldId`, `locale`, `keywords`) VALUES ('24', 'field', '9', 'en_us', ' university of central oklahoma ');
INSERT INTO `craft_searchindex` (`elementId`, `attribute`, `fieldId`, `locale`, `keywords`) VALUES ('24', 'field', '10', 'en_us', ' edmond ok ');
INSERT INTO `craft_searchindex` (`elementId`, `attribute`, `fieldId`, `locale`, `keywords`) VALUES ('24', 'field', '11', 'en_us', ' master of science ');
INSERT INTO `craft_searchindex` (`elementId`, `attribute`, `fieldId`, `locale`, `keywords`) VALUES ('24', 'field', '12', 'en_us', ' june 2014 may 2015 ');
INSERT INTO `craft_searchindex` (`elementId`, `attribute`, `fieldId`, `locale`, `keywords`) VALUES ('24', 'field', '13', 'en_us', ' major nutrition and food management gpa 3 65 ');
INSERT INTO `craft_searchindex` (`elementId`, `attribute`, `fieldId`, `locale`, `keywords`) VALUES ('24', 'slug', '0', 'en_us', '');
INSERT INTO `craft_searchindex` (`elementId`, `attribute`, `fieldId`, `locale`, `keywords`) VALUES ('25', 'field', '5', 'en_us', ' leadership activities ');
INSERT INTO `craft_searchindex` (`elementId`, `attribute`, `fieldId`, `locale`, `keywords`) VALUES ('25', 'slug', '0', 'en_us', '');
INSERT INTO `craft_searchindex` (`elementId`, `attribute`, `fieldId`, `locale`, `keywords`) VALUES ('26', 'field', '14', 'en_us', ' sigma alpha lambda honors ');
INSERT INTO `craft_searchindex` (`elementId`, `attribute`, `fieldId`, `locale`, `keywords`) VALUES ('26', 'field', '15', 'en_us', '');
INSERT INTO `craft_searchindex` (`elementId`, `attribute`, `fieldId`, `locale`, `keywords`) VALUES ('26', 'field', '16', 'en_us', ' uco ');
INSERT INTO `craft_searchindex` (`elementId`, `attribute`, `fieldId`, `locale`, `keywords`) VALUES ('26', 'field', '17', 'en_us', ' president v p ');
INSERT INTO `craft_searchindex` (`elementId`, `attribute`, `fieldId`, `locale`, `keywords`) VALUES ('26', 'field', '18', 'en_us', ' 2011 2014 ');
INSERT INTO `craft_searchindex` (`elementId`, `attribute`, `fieldId`, `locale`, `keywords`) VALUES ('26', 'field', '19', 'en_us', ' led organization of over 100 members through monthly meetings and regular volunteer activities sought and created several extracurricular volunteer opportunities across the metro area maintained regular contact with national advisors regarding organizational progress headed group wide communication through email social media and personal announcements ');
INSERT INTO `craft_searchindex` (`elementId`, `attribute`, `fieldId`, `locale`, `keywords`) VALUES ('26', 'slug', '0', 'en_us', '');
INSERT INTO `craft_searchindex` (`elementId`, `attribute`, `fieldId`, `locale`, `keywords`) VALUES ('27', 'field', '14', 'en_us', ' phi upsilon omicron honors ');
INSERT INTO `craft_searchindex` (`elementId`, `attribute`, `fieldId`, `locale`, `keywords`) VALUES ('27', 'field', '15', 'en_us', '');
INSERT INTO `craft_searchindex` (`elementId`, `attribute`, `fieldId`, `locale`, `keywords`) VALUES ('27', 'field', '16', 'en_us', ' uco ');
INSERT INTO `craft_searchindex` (`elementId`, `attribute`, `fieldId`, `locale`, `keywords`) VALUES ('27', 'field', '17', 'en_us', ' president ');
INSERT INTO `craft_searchindex` (`elementId`, `attribute`, `fieldId`, `locale`, `keywords`) VALUES ('27', 'field', '18', 'en_us', ' 2013 2014 ');
INSERT INTO `craft_searchindex` (`elementId`, `attribute`, `fieldId`, `locale`, `keywords`) VALUES ('27', 'field', '19', 'en_us', ' transitioned the organization from irregular gatherings to monthly meetings and regular communication worked with my advisor and national office in order to rebuild correct member contact information led all meetings for our members as well as the formal initiation ceremonies for our new members helped plan for and promote our annual big community service event during the spring semester ');
INSERT INTO `craft_searchindex` (`elementId`, `attribute`, `fieldId`, `locale`, `keywords`) VALUES ('27', 'slug', '0', 'en_us', '');
INSERT INTO `craft_searchindex` (`elementId`, `attribute`, `fieldId`, `locale`, `keywords`) VALUES ('28', 'field', '14', 'en_us', ' student academy of nutrition and dietetics ');
INSERT INTO `craft_searchindex` (`elementId`, `attribute`, `fieldId`, `locale`, `keywords`) VALUES ('28', 'field', '15', 'en_us', '');
INSERT INTO `craft_searchindex` (`elementId`, `attribute`, `fieldId`, `locale`, `keywords`) VALUES ('28', 'field', '16', 'en_us', ' uco ');
INSERT INTO `craft_searchindex` (`elementId`, `attribute`, `fieldId`, `locale`, `keywords`) VALUES ('28', 'field', '17', 'en_us', ' student liason ');
INSERT INTO `craft_searchindex` (`elementId`, `attribute`, `fieldId`, `locale`, `keywords`) VALUES ('28', 'field', '18', 'en_us', ' 2013 2014 ');
INSERT INTO `craft_searchindex` (`elementId`, `attribute`, `fieldId`, `locale`, `keywords`) VALUES ('28', 'field', '19', 'en_us', ' relayed information between the academy and members of the student academy of nutrition and dietetics coordinated with fellow student liaison to organize newsletters and other communication methods ');
INSERT INTO `craft_searchindex` (`elementId`, `attribute`, `fieldId`, `locale`, `keywords`) VALUES ('28', 'slug', '0', 'en_us', '');
INSERT INTO `craft_searchindex` (`elementId`, `attribute`, `fieldId`, `locale`, `keywords`) VALUES ('29', 'field', '14', 'en_us', ' iranian student association ');
INSERT INTO `craft_searchindex` (`elementId`, `attribute`, `fieldId`, `locale`, `keywords`) VALUES ('29', 'field', '15', 'en_us', '');
INSERT INTO `craft_searchindex` (`elementId`, `attribute`, `fieldId`, `locale`, `keywords`) VALUES ('29', 'field', '16', 'en_us', ' uco ');
INSERT INTO `craft_searchindex` (`elementId`, `attribute`, `fieldId`, `locale`, `keywords`) VALUES ('29', 'field', '17', 'en_us', ' president v p ');
INSERT INTO `craft_searchindex` (`elementId`, `attribute`, `fieldId`, `locale`, `keywords`) VALUES ('29', 'field', '18', 'en_us', ' 2009 2012 ');
INSERT INTO `craft_searchindex` (`elementId`, `attribute`, `fieldId`, `locale`, `keywords`) VALUES ('29', 'field', '19', 'en_us', ' hosted city wide series of meetings with 50 70 iranian adults professors discussing how to further advance iranian culture in the united states met regularly with other officers and was chief planner for representing the country of iran in university wide culture fairs ');
INSERT INTO `craft_searchindex` (`elementId`, `attribute`, `fieldId`, `locale`, `keywords`) VALUES ('29', 'slug', '0', 'en_us', '');
INSERT INTO `craft_searchindex` (`elementId`, `attribute`, `fieldId`, `locale`, `keywords`) VALUES ('30', 'field', '8', 'en_us', ' 95 ');
INSERT INTO `craft_searchindex` (`elementId`, `attribute`, `fieldId`, `locale`, `keywords`) VALUES ('30', 'slug', '0', 'en_us', '');
INSERT INTO `craft_searchindex` (`elementId`, `attribute`, `fieldId`, `locale`, `keywords`) VALUES ('31', 'field', '7', 'en_us', ' css sass ');
INSERT INTO `craft_searchindex` (`elementId`, `attribute`, `fieldId`, `locale`, `keywords`) VALUES ('31', 'field', '8', 'en_us', ' 93 ');
INSERT INTO `craft_searchindex` (`elementId`, `attribute`, `fieldId`, `locale`, `keywords`) VALUES ('31', 'slug', '0', 'en_us', '');
INSERT INTO `craft_searchindex` (`elementId`, `attribute`, `fieldId`, `locale`, `keywords`) VALUES ('32', 'field', '7', 'en_us', ' javascript ');
INSERT INTO `craft_searchindex` (`elementId`, `attribute`, `fieldId`, `locale`, `keywords`) VALUES ('32', 'field', '8', 'en_us', ' 91 ');
INSERT INTO `craft_searchindex` (`elementId`, `attribute`, `fieldId`, `locale`, `keywords`) VALUES ('32', 'slug', '0', 'en_us', '');
INSERT INTO `craft_searchindex` (`elementId`, `attribute`, `fieldId`, `locale`, `keywords`) VALUES ('33', 'field', '7', 'en_us', ' html5 ');
INSERT INTO `craft_searchindex` (`elementId`, `attribute`, `fieldId`, `locale`, `keywords`) VALUES ('33', 'field', '8', 'en_us', ' 88 ');
INSERT INTO `craft_searchindex` (`elementId`, `attribute`, `fieldId`, `locale`, `keywords`) VALUES ('33', 'slug', '0', 'en_us', '');
INSERT INTO `craft_searchindex` (`elementId`, `attribute`, `fieldId`, `locale`, `keywords`) VALUES ('34', 'field', '7', 'en_us', ' apis ');
INSERT INTO `craft_searchindex` (`elementId`, `attribute`, `fieldId`, `locale`, `keywords`) VALUES ('34', 'field', '8', 'en_us', ' 85 ');
INSERT INTO `craft_searchindex` (`elementId`, `attribute`, `fieldId`, `locale`, `keywords`) VALUES ('34', 'slug', '0', 'en_us', '');
INSERT INTO `craft_searchindex` (`elementId`, `attribute`, `fieldId`, `locale`, `keywords`) VALUES ('35', 'field', '7', 'en_us', ' shell tmux ');
INSERT INTO `craft_searchindex` (`elementId`, `attribute`, `fieldId`, `locale`, `keywords`) VALUES ('35', 'field', '8', 'en_us', ' 83 ');
INSERT INTO `craft_searchindex` (`elementId`, `attribute`, `fieldId`, `locale`, `keywords`) VALUES ('35', 'slug', '0', 'en_us', '');
INSERT INTO `craft_searchindex` (`elementId`, `attribute`, `fieldId`, `locale`, `keywords`) VALUES ('36', 'field', '7', 'en_us', ' sql ');
INSERT INTO `craft_searchindex` (`elementId`, `attribute`, `fieldId`, `locale`, `keywords`) VALUES ('36', 'field', '8', 'en_us', ' 80 ');
INSERT INTO `craft_searchindex` (`elementId`, `attribute`, `fieldId`, `locale`, `keywords`) VALUES ('36', 'slug', '0', 'en_us', '');
INSERT INTO `craft_searchindex` (`elementId`, `attribute`, `fieldId`, `locale`, `keywords`) VALUES ('37', 'field', '7', 'en_us', ' nosql dbs ');
INSERT INTO `craft_searchindex` (`elementId`, `attribute`, `fieldId`, `locale`, `keywords`) VALUES ('37', 'field', '8', 'en_us', ' 70 ');
INSERT INTO `craft_searchindex` (`elementId`, `attribute`, `fieldId`, `locale`, `keywords`) VALUES ('37', 'slug', '0', 'en_us', '');
INSERT INTO `craft_searchindex` (`elementId`, `attribute`, `fieldId`, `locale`, `keywords`) VALUES ('38', 'field', '7', 'en_us', ' dns ');
INSERT INTO `craft_searchindex` (`elementId`, `attribute`, `fieldId`, `locale`, `keywords`) VALUES ('38', 'field', '8', 'en_us', ' 65 ');
INSERT INTO `craft_searchindex` (`elementId`, `attribute`, `fieldId`, `locale`, `keywords`) VALUES ('38', 'slug', '0', 'en_us', '');
INSERT INTO `craft_searchindex` (`elementId`, `attribute`, `fieldId`, `locale`, `keywords`) VALUES ('39', 'field', '7', 'en_us', ' c c ');
INSERT INTO `craft_searchindex` (`elementId`, `attribute`, `fieldId`, `locale`, `keywords`) VALUES ('39', 'field', '8', 'en_us', ' 65 ');
INSERT INTO `craft_searchindex` (`elementId`, `attribute`, `fieldId`, `locale`, `keywords`) VALUES ('39', 'slug', '0', 'en_us', '');
INSERT INTO `craft_searchindex` (`elementId`, `attribute`, `fieldId`, `locale`, `keywords`) VALUES ('40', 'field', '7', 'en_us', ' java ');
INSERT INTO `craft_searchindex` (`elementId`, `attribute`, `fieldId`, `locale`, `keywords`) VALUES ('40', 'field', '8', 'en_us', ' 60 ');
INSERT INTO `craft_searchindex` (`elementId`, `attribute`, `fieldId`, `locale`, `keywords`) VALUES ('40', 'slug', '0', 'en_us', '');
INSERT INTO `craft_searchindex` (`elementId`, `attribute`, `fieldId`, `locale`, `keywords`) VALUES ('41', 'field', '7', 'en_us', ' c ');
INSERT INTO `craft_searchindex` (`elementId`, `attribute`, `fieldId`, `locale`, `keywords`) VALUES ('41', 'field', '8', 'en_us', ' 57 ');
INSERT INTO `craft_searchindex` (`elementId`, `attribute`, `fieldId`, `locale`, `keywords`) VALUES ('41', 'slug', '0', 'en_us', '');
INSERT INTO `craft_searchindex` (`elementId`, `attribute`, `fieldId`, `locale`, `keywords`) VALUES ('42', 'field', '7', 'en_us', ' vb net ');
INSERT INTO `craft_searchindex` (`elementId`, `attribute`, `fieldId`, `locale`, `keywords`) VALUES ('42', 'field', '8', 'en_us', ' 55 ');
INSERT INTO `craft_searchindex` (`elementId`, `attribute`, `fieldId`, `locale`, `keywords`) VALUES ('42', 'slug', '0', 'en_us', '');
INSERT INTO `craft_searchindex` (`elementId`, `attribute`, `fieldId`, `locale`, `keywords`) VALUES ('43', 'field', '7', 'en_us', ' go ');
INSERT INTO `craft_searchindex` (`elementId`, `attribute`, `fieldId`, `locale`, `keywords`) VALUES ('43', 'field', '8', 'en_us', ' 53 ');
INSERT INTO `craft_searchindex` (`elementId`, `attribute`, `fieldId`, `locale`, `keywords`) VALUES ('43', 'slug', '0', 'en_us', '');
INSERT INTO `craft_searchindex` (`elementId`, `attribute`, `fieldId`, `locale`, `keywords`) VALUES ('44', 'field', '7', 'en_us', ' asp net ');
INSERT INTO `craft_searchindex` (`elementId`, `attribute`, `fieldId`, `locale`, `keywords`) VALUES ('44', 'field', '8', 'en_us', ' 50 ');
INSERT INTO `craft_searchindex` (`elementId`, `attribute`, `fieldId`, `locale`, `keywords`) VALUES ('44', 'slug', '0', 'en_us', '');
INSERT INTO `craft_searchindex` (`elementId`, `attribute`, `fieldId`, `locale`, `keywords`) VALUES ('45', 'field', '7', 'en_us', ' io ');
INSERT INTO `craft_searchindex` (`elementId`, `attribute`, `fieldId`, `locale`, `keywords`) VALUES ('45', 'field', '8', 'en_us', ' 45 ');
INSERT INTO `craft_searchindex` (`elementId`, `attribute`, `fieldId`, `locale`, `keywords`) VALUES ('45', 'slug', '0', 'en_us', '');
INSERT INTO `craft_searchindex` (`elementId`, `attribute`, `fieldId`, `locale`, `keywords`) VALUES ('46', 'field', '7', 'en_us', ' prolog ');
INSERT INTO `craft_searchindex` (`elementId`, `attribute`, `fieldId`, `locale`, `keywords`) VALUES ('46', 'field', '8', 'en_us', ' 43 ');
INSERT INTO `craft_searchindex` (`elementId`, `attribute`, `fieldId`, `locale`, `keywords`) VALUES ('46', 'slug', '0', 'en_us', '');
INSERT INTO `craft_searchindex` (`elementId`, `attribute`, `fieldId`, `locale`, `keywords`) VALUES ('47', 'field', '7', 'en_us', ' gimp ');
INSERT INTO `craft_searchindex` (`elementId`, `attribute`, `fieldId`, `locale`, `keywords`) VALUES ('47', 'field', '8', 'en_us', ' 40 ');
INSERT INTO `craft_searchindex` (`elementId`, `attribute`, `fieldId`, `locale`, `keywords`) VALUES ('47', 'slug', '0', 'en_us', '');
INSERT INTO `craft_searchindex` (`elementId`, `attribute`, `fieldId`, `locale`, `keywords`) VALUES ('48', 'field', '7', 'en_us', ' python ');
INSERT INTO `craft_searchindex` (`elementId`, `attribute`, `fieldId`, `locale`, `keywords`) VALUES ('48', 'field', '8', 'en_us', ' 35 ');
INSERT INTO `craft_searchindex` (`elementId`, `attribute`, `fieldId`, `locale`, `keywords`) VALUES ('48', 'slug', '0', 'en_us', '');
INSERT INTO `craft_searchindex` (`elementId`, `attribute`, `fieldId`, `locale`, `keywords`) VALUES ('49', 'field', '7', 'en_us', ' matlab ');
INSERT INTO `craft_searchindex` (`elementId`, `attribute`, `fieldId`, `locale`, `keywords`) VALUES ('49', 'field', '8', 'en_us', ' 20 ');
INSERT INTO `craft_searchindex` (`elementId`, `attribute`, `fieldId`, `locale`, `keywords`) VALUES ('49', 'slug', '0', 'en_us', '');
INSERT INTO `craft_searchindex` (`elementId`, `attribute`, `fieldId`, `locale`, `keywords`) VALUES ('50', 'field', '14', 'en_us', ' brightbit ');
INSERT INTO `craft_searchindex` (`elementId`, `attribute`, `fieldId`, `locale`, `keywords`) VALUES ('50', 'field', '15', 'en_us', ' http brightbit com ');
INSERT INTO `craft_searchindex` (`elementId`, `attribute`, `fieldId`, `locale`, `keywords`) VALUES ('50', 'field', '16', 'en_us', ' oklahoma city ok ');
INSERT INTO `craft_searchindex` (`elementId`, `attribute`, `fieldId`, `locale`, `keywords`) VALUES ('50', 'field', '17', 'en_us', ' web developer ');
INSERT INTO `craft_searchindex` (`elementId`, `attribute`, `fieldId`, `locale`, `keywords`) VALUES ('50', 'field', '18', 'en_us', ' september 2013 january 2014 ');
INSERT INTO `craft_searchindex` (`elementId`, `attribute`, `fieldId`, `locale`, `keywords`) VALUES ('50', 'field', '19', 'en_us', ' develop custom and responsive applications with ruby on rails javascript ajax sql zsh html5 and sass co led project specifically using ember js coffeescript rails api web sockets background jobs and postgresql implement apis services packages and gems such as heroku faye aws cloudmailin bootstrap devise stripe etc perform test driven development through testunit rspec minitest capybara and qunit master vim git and tmux for development tools ');
INSERT INTO `craft_searchindex` (`elementId`, `attribute`, `fieldId`, `locale`, `keywords`) VALUES ('50', 'slug', '0', 'en_us', '');
INSERT INTO `craft_searchindex` (`elementId`, `attribute`, `fieldId`, `locale`, `keywords`) VALUES ('51', 'field', '14', 'en_us', ' adfitech inc ');
INSERT INTO `craft_searchindex` (`elementId`, `attribute`, `fieldId`, `locale`, `keywords`) VALUES ('51', 'field', '15', 'en_us', ' https adfitech com ');
INSERT INTO `craft_searchindex` (`elementId`, `attribute`, `fieldId`, `locale`, `keywords`) VALUES ('51', 'field', '16', 'en_us', ' edmond ok ');
INSERT INTO `craft_searchindex` (`elementId`, `attribute`, `fieldId`, `locale`, `keywords`) VALUES ('51', 'field', '17', 'en_us', ' software developer ');
INSERT INTO `craft_searchindex` (`elementId`, `attribute`, `fieldId`, `locale`, `keywords`) VALUES ('51', 'field', '18', 'en_us', ' november 2011 september 2013 ');
INSERT INTO `craft_searchindex` (`elementId`, `attribute`, `fieldId`, `locale`, `keywords`) VALUES ('51', 'field', '19', 'en_us', ' developed various projects through combination of ruby php c gtk mysql mongodb and bash sole developer for enterprise scale underwriting tool written using ruby gtk mongodb ctree and mysql utilized development tools such as vim git and background job handlers on a daily basis programmed in and administered mac os and linux environments ');
INSERT INTO `craft_searchindex` (`elementId`, `attribute`, `fieldId`, `locale`, `keywords`) VALUES ('51', 'slug', '0', 'en_us', '');
INSERT INTO `craft_searchindex` (`elementId`, `attribute`, `fieldId`, `locale`, `keywords`) VALUES ('52', 'field', '14', 'en_us', ' gmx resources ');
INSERT INTO `craft_searchindex` (`elementId`, `attribute`, `fieldId`, `locale`, `keywords`) VALUES ('52', 'field', '15', 'en_us', '');
INSERT INTO `craft_searchindex` (`elementId`, `attribute`, `fieldId`, `locale`, `keywords`) VALUES ('52', 'field', '16', 'en_us', ' oklahoma city ok ');
INSERT INTO `craft_searchindex` (`elementId`, `attribute`, `fieldId`, `locale`, `keywords`) VALUES ('52', 'field', '17', 'en_us', ' land intern ');
INSERT INTO `craft_searchindex` (`elementId`, `attribute`, `fieldId`, `locale`, `keywords`) VALUES ('52', 'field', '18', 'en_us', ' june 2010 november 2011 ');
INSERT INTO `craft_searchindex` (`elementId`, `attribute`, `fieldId`, `locale`, `keywords`) VALUES ('52', 'field', '19', 'en_us', ' wrote several microsoft excel macros in vba for the division order department managed division order maintenance and outflow recognition gmxr employee of distinction ');
INSERT INTO `craft_searchindex` (`elementId`, `attribute`, `fieldId`, `locale`, `keywords`) VALUES ('52', 'slug', '0', 'en_us', '');
INSERT INTO `craft_searchindex` (`elementId`, `attribute`, `fieldId`, `locale`, `keywords`) VALUES ('53', 'field', '14', 'en_us', ' hertz technology center ');
INSERT INTO `craft_searchindex` (`elementId`, `attribute`, `fieldId`, `locale`, `keywords`) VALUES ('53', 'field', '15', 'en_us', ' https www hertz com ');
INSERT INTO `craft_searchindex` (`elementId`, `attribute`, `fieldId`, `locale`, `keywords`) VALUES ('53', 'field', '16', 'en_us', ' oklahoma city ok ');
INSERT INTO `craft_searchindex` (`elementId`, `attribute`, `fieldId`, `locale`, `keywords`) VALUES ('53', 'field', '17', 'en_us', ' mis intern ');
INSERT INTO `craft_searchindex` (`elementId`, `attribute`, `fieldId`, `locale`, `keywords`) VALUES ('53', 'field', '18', 'en_us', ' april 2011 august 2011 ');
INSERT INTO `craft_searchindex` (`elementId`, `attribute`, `fieldId`, `locale`, `keywords`) VALUES ('53', 'field', '19', 'en_us', ' utilized t sql c and asp net to program an array of projects for hertz developed multiple stored procedures cursors and triggers to aid in efficient database structuring engaged in database management team to help hertz develop an innovative gps system ');
INSERT INTO `craft_searchindex` (`elementId`, `attribute`, `fieldId`, `locale`, `keywords`) VALUES ('53', 'slug', '0', 'en_us', '');
INSERT INTO `craft_searchindex` (`elementId`, `attribute`, `fieldId`, `locale`, `keywords`) VALUES ('54', 'field', '5', 'en_us', ' professional experience ');
INSERT INTO `craft_searchindex` (`elementId`, `attribute`, `fieldId`, `locale`, `keywords`) VALUES ('54', 'slug', '0', 'en_us', '');
INSERT INTO `craft_searchindex` (`elementId`, `attribute`, `fieldId`, `locale`, `keywords`) VALUES ('55', 'field', '14', 'en_us', ' university of central oklahoma ');
INSERT INTO `craft_searchindex` (`elementId`, `attribute`, `fieldId`, `locale`, `keywords`) VALUES ('55', 'field', '15', 'en_us', ' http uco edu ');
INSERT INTO `craft_searchindex` (`elementId`, `attribute`, `fieldId`, `locale`, `keywords`) VALUES ('55', 'field', '16', 'en_us', ' edmond ok ');
INSERT INTO `craft_searchindex` (`elementId`, `attribute`, `fieldId`, `locale`, `keywords`) VALUES ('55', 'field', '17', 'en_us', ' dietetic intern ');
INSERT INTO `craft_searchindex` (`elementId`, `attribute`, `fieldId`, `locale`, `keywords`) VALUES ('55', 'field', '18', 'en_us', ' june 2014 present ');
INSERT INTO `craft_searchindex` (`elementId`, `attribute`, `fieldId`, `locale`, `keywords`) VALUES ('55', 'field', '19', 'en_us', '');
INSERT INTO `craft_searchindex` (`elementId`, `attribute`, `fieldId`, `locale`, `keywords`) VALUES ('55', 'slug', '0', 'en_us', '');
INSERT INTO `craft_searchindex` (`elementId`, `attribute`, `fieldId`, `locale`, `keywords`) VALUES ('56', 'field', '14', 'en_us', ' starbucks coffee company ');
INSERT INTO `craft_searchindex` (`elementId`, `attribute`, `fieldId`, `locale`, `keywords`) VALUES ('56', 'field', '15', 'en_us', ' http starbucks com ');
INSERT INTO `craft_searchindex` (`elementId`, `attribute`, `fieldId`, `locale`, `keywords`) VALUES ('56', 'field', '16', 'en_us', ' edmond ok ');
INSERT INTO `craft_searchindex` (`elementId`, `attribute`, `fieldId`, `locale`, `keywords`) VALUES ('56', 'field', '17', 'en_us', ' barista ');
INSERT INTO `craft_searchindex` (`elementId`, `attribute`, `fieldId`, `locale`, `keywords`) VALUES ('56', 'field', '18', 'en_us', ' august 2013 january 2014 ');
INSERT INTO `craft_searchindex` (`elementId`, `attribute`, `fieldId`, `locale`, `keywords`) VALUES ('56', 'field', '19', 'en_us', ' memorized preparation procedures for several beverages as well as handling and properly marking custom drink orders worked in fast paced environment where high traffic moments would last hours at a time practiced proper preparation and sanitization procedures for serving food and drink products and adhering to national company standards ');
INSERT INTO `craft_searchindex` (`elementId`, `attribute`, `fieldId`, `locale`, `keywords`) VALUES ('56', 'slug', '0', 'en_us', '');
INSERT INTO `craft_searchindex` (`elementId`, `attribute`, `fieldId`, `locale`, `keywords`) VALUES ('57', 'field', '14', 'en_us', ' adfitech inc ');
INSERT INTO `craft_searchindex` (`elementId`, `attribute`, `fieldId`, `locale`, `keywords`) VALUES ('57', 'field', '15', 'en_us', ' https adfitech com ');
INSERT INTO `craft_searchindex` (`elementId`, `attribute`, `fieldId`, `locale`, `keywords`) VALUES ('57', 'field', '16', 'en_us', ' edmond ok ');
INSERT INTO `craft_searchindex` (`elementId`, `attribute`, `fieldId`, `locale`, `keywords`) VALUES ('57', 'field', '17', 'en_us', ' image indexing specialist ');
INSERT INTO `craft_searchindex` (`elementId`, `attribute`, `fieldId`, `locale`, `keywords`) VALUES ('57', 'field', '18', 'en_us', ' november 2012 march 2013 ');
INSERT INTO `craft_searchindex` (`elementId`, `attribute`, `fieldId`, `locale`, `keywords`) VALUES ('57', 'field', '19', 'en_us', ' analyzed and parsed thousands of loan related documents per day at average rate of 1000 pages hour communicated effectively with supervisors and managed time wisely while working remotely effectively balanced 20 hr work week with full time school schedule to ensure requirements for both were met ');
INSERT INTO `craft_searchindex` (`elementId`, `attribute`, `fieldId`, `locale`, `keywords`) VALUES ('57', 'slug', '0', 'en_us', '');
INSERT INTO `craft_searchindex` (`elementId`, `attribute`, `fieldId`, `locale`, `keywords`) VALUES ('58', 'field', '14', 'en_us', ' target corporation ');
INSERT INTO `craft_searchindex` (`elementId`, `attribute`, `fieldId`, `locale`, `keywords`) VALUES ('58', 'field', '15', 'en_us', ' https target com ');
INSERT INTO `craft_searchindex` (`elementId`, `attribute`, `fieldId`, `locale`, `keywords`) VALUES ('58', 'field', '16', 'en_us', ' edmond ok ');
INSERT INTO `craft_searchindex` (`elementId`, `attribute`, `fieldId`, `locale`, `keywords`) VALUES ('58', 'field', '17', 'en_us', ' various roles ');
INSERT INTO `craft_searchindex` (`elementId`, `attribute`, `fieldId`, `locale`, `keywords`) VALUES ('58', 'field', '18', 'en_us', ' november 2008 november 2012 ');
INSERT INTO `craft_searchindex` (`elementId`, `attribute`, `fieldId`, `locale`, `keywords`) VALUES ('58', 'field', '19', 'en_us', ' cake decorator most recent bakery team member store operator ');
INSERT INTO `craft_searchindex` (`elementId`, `attribute`, `fieldId`, `locale`, `keywords`) VALUES ('58', 'slug', '0', 'en_us', '');
INSERT INTO `craft_searchindex` (`elementId`, `attribute`, `fieldId`, `locale`, `keywords`) VALUES ('59', 'field', '5', 'en_us', ' awards and interests ');
INSERT INTO `craft_searchindex` (`elementId`, `attribute`, `fieldId`, `locale`, `keywords`) VALUES ('59', 'slug', '0', 'en_us', '');
INSERT INTO `craft_searchindex` (`elementId`, `attribute`, `fieldId`, `locale`, `keywords`) VALUES ('60', 'field', '20', 'en_us', ' awards ');
INSERT INTO `craft_searchindex` (`elementId`, `attribute`, `fieldId`, `locale`, `keywords`) VALUES ('60', 'field', '21', 'en_us', ' mlk drum major for service award president and dean s honor roll merit based scholarship uco human environmental science program most active officer iranian student association ');
INSERT INTO `craft_searchindex` (`elementId`, `attribute`, `fieldId`, `locale`, `keywords`) VALUES ('60', 'slug', '0', 'en_us', '');
INSERT INTO `craft_searchindex` (`elementId`, `attribute`, `fieldId`, `locale`, `keywords`) VALUES ('61', 'field', '20', 'en_us', ' interests ');
INSERT INTO `craft_searchindex` (`elementId`, `attribute`, `fieldId`, `locale`, `keywords`) VALUES ('61', 'field', '21', 'en_us', ' nutrition health and fitness tea cooking and cake decorating animals ');
INSERT INTO `craft_searchindex` (`elementId`, `attribute`, `fieldId`, `locale`, `keywords`) VALUES ('61', 'slug', '0', 'en_us', '');



DROP TABLE IF EXISTS `craft_sections`;


--
-- Schema for table `craft_sections`
--
CREATE TABLE `craft_sections` (
  `id` int(11) NOT NULL AUTO_INCREMENT,
  `structureId` int(11) DEFAULT NULL,
  `name` varchar(255) COLLATE utf8_unicode_ci NOT NULL,
  `handle` varchar(255) COLLATE utf8_unicode_ci NOT NULL,
  `type` enum('single','channel','structure') COLLATE utf8_unicode_ci NOT NULL DEFAULT 'channel',
  `hasUrls` tinyint(1) unsigned NOT NULL DEFAULT '1',
  `template` varchar(500) COLLATE utf8_unicode_ci DEFAULT NULL,
  `enableVersioning` tinyint(1) unsigned NOT NULL DEFAULT '0',
  `dateCreated` datetime NOT NULL,
  `dateUpdated` datetime NOT NULL,
  `uid` char(36) COLLATE utf8_unicode_ci NOT NULL DEFAULT '0',
  PRIMARY KEY (`id`),
  UNIQUE KEY `craft_sections_name_unq_idx` (`name`),
  UNIQUE KEY `craft_sections_handle_unq_idx` (`handle`),
  KEY `craft_sections_structureId_fk` (`structureId`)
) ENGINE=InnoDB AUTO_INCREMENT=2 DEFAULT CHARSET=utf8 COLLATE=utf8_unicode_ci;

--
-- Data for table `craft_sections`
--

INSERT INTO `craft_sections` (`id`, `structureId`, `name`, `handle`, `type`, `hasUrls`, `template`, `enableVersioning`, `dateCreated`, `dateUpdated`, `uid`) VALUES ('1', NULL, 'Resume', 'resume', 'channel', '1', 'resume', '1', '2015-03-07 04:18:17', '2015-03-07 20:30:29', '3bce26a2-451a-4f0a-88c8-731f7e278e36');



DROP TABLE IF EXISTS `craft_sections_i18n`;


--
-- Schema for table `craft_sections_i18n`
--
CREATE TABLE `craft_sections_i18n` (
  `id` int(11) NOT NULL AUTO_INCREMENT,
  `sectionId` int(11) NOT NULL,
  `locale` char(12) COLLATE utf8_unicode_ci NOT NULL,
  `enabledByDefault` tinyint(1) unsigned NOT NULL DEFAULT '1',
  `urlFormat` varchar(255) COLLATE utf8_unicode_ci DEFAULT NULL,
  `nestedUrlFormat` varchar(255) COLLATE utf8_unicode_ci DEFAULT NULL,
  `dateCreated` datetime NOT NULL,
  `dateUpdated` datetime NOT NULL,
  `uid` char(36) COLLATE utf8_unicode_ci NOT NULL DEFAULT '0',
  PRIMARY KEY (`id`),
  UNIQUE KEY `craft_sections_i18n_sectionId_locale_unq_idx` (`sectionId`,`locale`),
  KEY `craft_sections_i18n_locale_fk` (`locale`)
) ENGINE=InnoDB AUTO_INCREMENT=2 DEFAULT CHARSET=utf8 COLLATE=utf8_unicode_ci;

--
-- Data for table `craft_sections_i18n`
--

INSERT INTO `craft_sections_i18n` (`id`, `sectionId`, `locale`, `enabledByDefault`, `urlFormat`, `nestedUrlFormat`, `dateCreated`, `dateUpdated`, `uid`) VALUES ('1', '1', 'en_us', '0', '{slug}', NULL, '2015-03-07 04:18:17', '2015-03-07 20:30:29', '29873206-d8df-451e-a268-ea3e8524307f');



DROP TABLE IF EXISTS `craft_sessions`;


--
-- Schema for table `craft_sessions`
--
CREATE TABLE `craft_sessions` (
  `id` int(11) NOT NULL AUTO_INCREMENT,
  `userId` int(11) NOT NULL,
  `token` char(100) COLLATE utf8_unicode_ci NOT NULL,
  `dateCreated` datetime NOT NULL,
  `dateUpdated` datetime NOT NULL,
  `uid` char(36) COLLATE utf8_unicode_ci NOT NULL DEFAULT '0',
  PRIMARY KEY (`id`),
  KEY `craft_sessions_uid_idx` (`uid`),
  KEY `craft_sessions_token_idx` (`token`),
  KEY `craft_sessions_dateUpdated_idx` (`dateUpdated`),
  KEY `craft_sessions_userId_fk` (`userId`)
) ENGINE=InnoDB AUTO_INCREMENT=14 DEFAULT CHARSET=utf8 COLLATE=utf8_unicode_ci;

DROP TABLE IF EXISTS `craft_shunnedmessages`;


--
-- Schema for table `craft_shunnedmessages`
--
CREATE TABLE `craft_shunnedmessages` (
  `id` int(11) NOT NULL AUTO_INCREMENT,
  `userId` int(11) NOT NULL,
  `message` varchar(255) COLLATE utf8_unicode_ci NOT NULL,
  `expiryDate` datetime DEFAULT NULL,
  `dateCreated` datetime NOT NULL,
  `dateUpdated` datetime NOT NULL,
  `uid` char(36) COLLATE utf8_unicode_ci NOT NULL DEFAULT '0',
  PRIMARY KEY (`id`),
  UNIQUE KEY `craft_shunnedmessages_userId_message_unq_idx` (`userId`,`message`)
) ENGINE=InnoDB DEFAULT CHARSET=utf8 COLLATE=utf8_unicode_ci;

DROP TABLE IF EXISTS `craft_structureelements`;


--
-- Schema for table `craft_structureelements`
--
CREATE TABLE `craft_structureelements` (
  `id` int(11) NOT NULL AUTO_INCREMENT,
  `structureId` int(11) NOT NULL,
  `elementId` int(11) DEFAULT NULL,
  `root` int(11) unsigned DEFAULT NULL,
  `lft` int(11) unsigned NOT NULL,
  `rgt` int(11) unsigned NOT NULL,
  `level` smallint(6) unsigned NOT NULL,
  `dateCreated` datetime NOT NULL,
  `dateUpdated` datetime NOT NULL,
  `uid` char(36) COLLATE utf8_unicode_ci NOT NULL DEFAULT '0',
  PRIMARY KEY (`id`),
  UNIQUE KEY `craft_structureelements_structureId_elementId_unq_idx` (`structureId`,`elementId`),
  KEY `craft_structureelements_root_idx` (`root`),
  KEY `craft_structureelements_lft_idx` (`lft`),
  KEY `craft_structureelements_rgt_idx` (`rgt`),
  KEY `craft_structureelements_level_idx` (`level`),
  KEY `craft_structureelements_elementId_fk` (`elementId`)
) ENGINE=InnoDB DEFAULT CHARSET=utf8 COLLATE=utf8_unicode_ci;

DROP TABLE IF EXISTS `craft_structures`;


--
-- Schema for table `craft_structures`
--
CREATE TABLE `craft_structures` (
  `id` int(11) NOT NULL AUTO_INCREMENT,
  `maxLevels` smallint(6) unsigned DEFAULT NULL,
  `dateCreated` datetime NOT NULL,
  `dateUpdated` datetime NOT NULL,
  `uid` char(36) COLLATE utf8_unicode_ci NOT NULL DEFAULT '0',
  PRIMARY KEY (`id`)
) ENGINE=InnoDB DEFAULT CHARSET=utf8 COLLATE=utf8_unicode_ci;

DROP TABLE IF EXISTS `craft_systemsettings`;


--
-- Schema for table `craft_systemsettings`
--
CREATE TABLE `craft_systemsettings` (
  `id` int(11) NOT NULL AUTO_INCREMENT,
  `category` varchar(15) COLLATE utf8_unicode_ci NOT NULL,
  `settings` text COLLATE utf8_unicode_ci,
  `dateCreated` datetime NOT NULL,
  `dateUpdated` datetime NOT NULL,
  `uid` char(36) COLLATE utf8_unicode_ci NOT NULL DEFAULT '0',
  PRIMARY KEY (`id`),
  UNIQUE KEY `craft_systemsettings_category_unq_idx` (`category`)
) ENGINE=InnoDB AUTO_INCREMENT=2 DEFAULT CHARSET=utf8 COLLATE=utf8_unicode_ci;

--
-- Data for table `craft_systemsettings`
--

INSERT INTO `craft_systemsettings` (`id`, `category`, `settings`, `dateCreated`, `dateUpdated`, `uid`) VALUES ('1', 'email', '{\"protocol\":\"php\",\"emailAddress\":\"alkrauss48@gmail.com\",\"senderName\":\"Resume\"}', '2015-03-07 04:18:17', '2015-03-07 04:18:17', 'c0a5f15e-0caa-4bb6-9a4f-60f92782b37b');



DROP TABLE IF EXISTS `craft_taggroups`;


--
-- Schema for table `craft_taggroups`
--
CREATE TABLE `craft_taggroups` (
  `id` int(11) NOT NULL AUTO_INCREMENT,
  `name` varchar(255) COLLATE utf8_unicode_ci NOT NULL,
  `handle` varchar(255) COLLATE utf8_unicode_ci NOT NULL,
  `fieldLayoutId` int(10) DEFAULT NULL,
  `dateCreated` datetime NOT NULL,
  `dateUpdated` datetime NOT NULL,
  `uid` char(36) COLLATE utf8_unicode_ci NOT NULL DEFAULT '0',
  PRIMARY KEY (`id`),
  UNIQUE KEY `craft_taggroups_name_unq_idx` (`name`),
  UNIQUE KEY `craft_taggroups_handle_unq_idx` (`handle`),
  KEY `craft_taggroups_fieldLayoutId_fk` (`fieldLayoutId`)
) ENGINE=InnoDB AUTO_INCREMENT=2 DEFAULT CHARSET=utf8 COLLATE=utf8_unicode_ci;

--
-- Data for table `craft_taggroups`
--

INSERT INTO `craft_taggroups` (`id`, `name`, `handle`, `fieldLayoutId`, `dateCreated`, `dateUpdated`, `uid`) VALUES ('1', 'Default', 'default', '1', '2015-03-07 04:18:17', '2015-03-07 04:18:17', '002700d7-3cc2-48c4-82ee-439ae5a69938');



DROP TABLE IF EXISTS `craft_tags`;


--
-- Schema for table `craft_tags`
--
CREATE TABLE `craft_tags` (
  `id` int(11) NOT NULL,
  `groupId` int(11) NOT NULL,
  `dateCreated` datetime NOT NULL,
  `dateUpdated` datetime NOT NULL,
  `uid` char(36) COLLATE utf8_unicode_ci NOT NULL DEFAULT '0',
  PRIMARY KEY (`id`),
  KEY `craft_tags_groupId_fk` (`groupId`)
) ENGINE=InnoDB DEFAULT CHARSET=utf8 COLLATE=utf8_unicode_ci;

DROP TABLE IF EXISTS `craft_tasks`;


--
-- Schema for table `craft_tasks`
--
CREATE TABLE `craft_tasks` (
  `id` int(11) NOT NULL AUTO_INCREMENT,
  `root` int(11) unsigned DEFAULT NULL,
  `lft` int(11) unsigned NOT NULL,
  `rgt` int(11) unsigned NOT NULL,
  `level` smallint(6) unsigned NOT NULL,
  `currentStep` int(11) unsigned DEFAULT NULL,
  `totalSteps` int(11) unsigned DEFAULT NULL,
  `status` enum('pending','error','running') COLLATE utf8_unicode_ci DEFAULT NULL,
  `type` varchar(150) COLLATE utf8_unicode_ci NOT NULL,
  `description` varchar(255) COLLATE utf8_unicode_ci DEFAULT NULL,
  `settings` text COLLATE utf8_unicode_ci,
  `dateCreated` datetime NOT NULL,
  `dateUpdated` datetime NOT NULL,
  `uid` char(36) COLLATE utf8_unicode_ci NOT NULL DEFAULT '0',
  PRIMARY KEY (`id`),
  KEY `craft_tasks_root_idx` (`root`),
  KEY `craft_tasks_lft_idx` (`lft`),
  KEY `craft_tasks_rgt_idx` (`rgt`),
  KEY `craft_tasks_level_idx` (`level`)
) ENGINE=InnoDB AUTO_INCREMENT=22 DEFAULT CHARSET=utf8 COLLATE=utf8_unicode_ci;

DROP TABLE IF EXISTS `craft_templatecachecriteria`;


--
-- Schema for table `craft_templatecachecriteria`
--
CREATE TABLE `craft_templatecachecriteria` (
  `id` int(11) NOT NULL AUTO_INCREMENT,
  `cacheId` int(11) NOT NULL,
  `type` varchar(150) COLLATE utf8_unicode_ci NOT NULL,
  `criteria` text COLLATE utf8_unicode_ci NOT NULL,
  PRIMARY KEY (`id`),
  KEY `craft_templatecachecriteria_cacheId_fk` (`cacheId`),
  KEY `craft_templatecachecriteria_type_idx` (`type`)
) ENGINE=InnoDB DEFAULT CHARSET=utf8 COLLATE=utf8_unicode_ci;

DROP TABLE IF EXISTS `craft_templatecacheelements`;


--
-- Schema for table `craft_templatecacheelements`
--
CREATE TABLE `craft_templatecacheelements` (
  `cacheId` int(11) NOT NULL,
  `elementId` int(11) NOT NULL,
  KEY `craft_templatecacheelements_cacheId_fk` (`cacheId`),
  KEY `craft_templatecacheelements_elementId_fk` (`elementId`)
) ENGINE=InnoDB DEFAULT CHARSET=utf8 COLLATE=utf8_unicode_ci;

DROP TABLE IF EXISTS `craft_templatecaches`;


--
-- Schema for table `craft_templatecaches`
--
CREATE TABLE `craft_templatecaches` (
  `id` int(11) NOT NULL AUTO_INCREMENT,
  `cacheKey` varchar(255) COLLATE utf8_unicode_ci NOT NULL,
  `locale` char(12) COLLATE utf8_unicode_ci NOT NULL,
  `path` varchar(255) COLLATE utf8_unicode_ci DEFAULT NULL,
  `expiryDate` datetime NOT NULL,
  `body` mediumtext COLLATE utf8_unicode_ci NOT NULL,
  PRIMARY KEY (`id`),
  KEY `craft_templatecaches_expiryDate_cacheKey_locale_path_idx` (`expiryDate`,`cacheKey`,`locale`,`path`),
  KEY `craft_templatecaches_locale_fk` (`locale`)
) ENGINE=InnoDB DEFAULT CHARSET=utf8 COLLATE=utf8_unicode_ci;

DROP TABLE IF EXISTS `craft_tokens`;


--
-- Schema for table `craft_tokens`
--
CREATE TABLE `craft_tokens` (
  `id` int(11) NOT NULL AUTO_INCREMENT,
  `token` char(32) COLLATE utf8_unicode_ci NOT NULL,
  `route` text COLLATE utf8_unicode_ci,
  `usageLimit` tinyint(3) unsigned DEFAULT NULL,
  `usageCount` tinyint(3) unsigned DEFAULT NULL,
  `expiryDate` datetime NOT NULL,
  `dateCreated` datetime NOT NULL,
  `dateUpdated` datetime NOT NULL,
  `uid` char(36) COLLATE utf8_unicode_ci NOT NULL DEFAULT '0',
  PRIMARY KEY (`id`),
  UNIQUE KEY `craft_tokens_token_unq_idx` (`token`),
  KEY `craft_tokens_expiryDate_idx` (`expiryDate`)
) ENGINE=InnoDB DEFAULT CHARSET=utf8 COLLATE=utf8_unicode_ci;

DROP TABLE IF EXISTS `craft_usergroups`;


--
-- Schema for table `craft_usergroups`
--
CREATE TABLE `craft_usergroups` (
  `id` int(11) NOT NULL AUTO_INCREMENT,
  `name` varchar(255) COLLATE utf8_unicode_ci NOT NULL,
  `handle` varchar(255) COLLATE utf8_unicode_ci NOT NULL,
  `dateCreated` datetime NOT NULL,
  `dateUpdated` datetime NOT NULL,
  `uid` char(36) COLLATE utf8_unicode_ci NOT NULL DEFAULT '0',
  PRIMARY KEY (`id`)
) ENGINE=InnoDB DEFAULT CHARSET=utf8 COLLATE=utf8_unicode_ci;

DROP TABLE IF EXISTS `craft_usergroups_users`;


--
-- Schema for table `craft_usergroups_users`
--
CREATE TABLE `craft_usergroups_users` (
  `id` int(11) NOT NULL AUTO_INCREMENT,
  `groupId` int(11) NOT NULL,
  `userId` int(11) NOT NULL,
  `dateCreated` datetime NOT NULL,
  `dateUpdated` datetime NOT NULL,
  `uid` char(36) COLLATE utf8_unicode_ci NOT NULL DEFAULT '0',
  PRIMARY KEY (`id`),
  UNIQUE KEY `craft_usergroups_users_groupId_userId_unq_idx` (`groupId`,`userId`),
  KEY `craft_usergroups_users_userId_fk` (`userId`)
) ENGINE=InnoDB DEFAULT CHARSET=utf8 COLLATE=utf8_unicode_ci;

DROP TABLE IF EXISTS `craft_userpermissions`;


--
-- Schema for table `craft_userpermissions`
--
CREATE TABLE `craft_userpermissions` (
  `id` int(11) NOT NULL AUTO_INCREMENT,
  `name` varchar(255) COLLATE utf8_unicode_ci NOT NULL,
  `dateCreated` datetime NOT NULL,
  `dateUpdated` datetime NOT NULL,
  `uid` char(36) COLLATE utf8_unicode_ci NOT NULL DEFAULT '0',
  PRIMARY KEY (`id`),
  UNIQUE KEY `craft_userpermissions_name_unq_idx` (`name`)
) ENGINE=InnoDB DEFAULT CHARSET=utf8 COLLATE=utf8_unicode_ci;

DROP TABLE IF EXISTS `craft_userpermissions_usergroups`;


--
-- Schema for table `craft_userpermissions_usergroups`
--
CREATE TABLE `craft_userpermissions_usergroups` (
  `id` int(11) NOT NULL AUTO_INCREMENT,
  `permissionId` int(11) NOT NULL,
  `groupId` int(11) NOT NULL,
  `dateCreated` datetime NOT NULL,
  `dateUpdated` datetime NOT NULL,
  `uid` char(36) COLLATE utf8_unicode_ci NOT NULL DEFAULT '0',
  PRIMARY KEY (`id`),
  UNIQUE KEY `craft_userpermissions_usergroups_permissionId_groupId_unq_idx` (`permissionId`,`groupId`),
  KEY `craft_userpermissions_usergroups_groupId_fk` (`groupId`)
) ENGINE=InnoDB DEFAULT CHARSET=utf8 COLLATE=utf8_unicode_ci;

DROP TABLE IF EXISTS `craft_userpermissions_users`;


--
-- Schema for table `craft_userpermissions_users`
--
CREATE TABLE `craft_userpermissions_users` (
  `id` int(11) NOT NULL AUTO_INCREMENT,
  `permissionId` int(11) NOT NULL,
  `userId` int(11) NOT NULL,
  `dateCreated` datetime NOT NULL,
  `dateUpdated` datetime NOT NULL,
  `uid` char(36) COLLATE utf8_unicode_ci NOT NULL DEFAULT '0',
  PRIMARY KEY (`id`),
  UNIQUE KEY `craft_userpermissions_users_permissionId_userId_unq_idx` (`permissionId`,`userId`),
  KEY `craft_userpermissions_users_userId_fk` (`userId`)
) ENGINE=InnoDB DEFAULT CHARSET=utf8 COLLATE=utf8_unicode_ci;

DROP TABLE IF EXISTS `craft_users`;


--
-- Schema for table `craft_users`
--
CREATE TABLE `craft_users` (
  `id` int(11) NOT NULL,
  `username` varchar(100) COLLATE utf8_unicode_ci NOT NULL,
  `photo` varchar(100) COLLATE utf8_unicode_ci DEFAULT NULL,
  `firstName` varchar(100) COLLATE utf8_unicode_ci DEFAULT NULL,
  `lastName` varchar(100) COLLATE utf8_unicode_ci DEFAULT NULL,
  `email` varchar(255) COLLATE utf8_unicode_ci NOT NULL,
  `password` char(255) COLLATE utf8_unicode_ci DEFAULT NULL,
  `preferredLocale` char(12) COLLATE utf8_unicode_ci DEFAULT NULL,
  `weekStartDay` tinyint(1) unsigned NOT NULL DEFAULT '0',
  `admin` tinyint(1) unsigned NOT NULL DEFAULT '0',
  `client` tinyint(1) unsigned NOT NULL DEFAULT '0',
  `locked` tinyint(1) unsigned NOT NULL DEFAULT '0',
  `suspended` tinyint(1) unsigned NOT NULL DEFAULT '0',
  `pending` tinyint(1) unsigned NOT NULL DEFAULT '0',
  `archived` tinyint(1) unsigned NOT NULL DEFAULT '0',
  `lastLoginDate` datetime DEFAULT NULL,
  `lastLoginAttemptIPAddress` varchar(45) COLLATE utf8_unicode_ci DEFAULT NULL,
  `invalidLoginWindowStart` datetime DEFAULT NULL,
  `invalidLoginCount` tinyint(4) unsigned DEFAULT NULL,
  `lastInvalidLoginDate` datetime DEFAULT NULL,
  `lockoutDate` datetime DEFAULT NULL,
  `verificationCode` char(100) COLLATE utf8_unicode_ci DEFAULT NULL,
  `verificationCodeIssuedDate` datetime DEFAULT NULL,
  `unverifiedEmail` varchar(255) COLLATE utf8_unicode_ci DEFAULT NULL,
  `passwordResetRequired` tinyint(1) unsigned NOT NULL DEFAULT '0',
  `lastPasswordChangeDate` datetime DEFAULT NULL,
  `dateCreated` datetime NOT NULL,
  `dateUpdated` datetime NOT NULL,
  `uid` char(36) COLLATE utf8_unicode_ci NOT NULL DEFAULT '0',
  PRIMARY KEY (`id`),
  UNIQUE KEY `craft_users_username_unq_idx` (`username`),
  UNIQUE KEY `craft_users_email_unq_idx` (`email`),
  KEY `craft_users_verificationCode_idx` (`verificationCode`),
  KEY `craft_users_uid_idx` (`uid`),
  KEY `craft_users_preferredLocale_fk` (`preferredLocale`)
) ENGINE=InnoDB DEFAULT CHARSET=utf8 COLLATE=utf8_unicode_ci;

--
-- Data for table `craft_users`
--

INSERT INTO `craft_users` (`id`, `username`, `photo`, `firstName`, `lastName`, `email`, `password`, `preferredLocale`, `weekStartDay`, `admin`, `client`, `locked`, `suspended`, `pending`, `archived`, `lastLoginDate`, `lastLoginAttemptIPAddress`, `invalidLoginWindowStart`, `invalidLoginCount`, `lastInvalidLoginDate`, `lockoutDate`, `verificationCode`, `verificationCodeIssuedDate`, `unverifiedEmail`, `passwordResetRequired`, `lastPasswordChangeDate`, `dateCreated`, `dateUpdated`, `uid`) VALUES ('1', 'admin', NULL, NULL, NULL, 'alkrauss48@gmail.com', '$2a$13$i7daRVVf70UQ9MtHvat4Ze3jWQX1L2y3hBpK9g4I8sgrlFmjAZGO6', NULL, '0', '1', '0', '0', '0', '0', '0', '2015-03-13 14:02:09', '127.0.0.1', NULL, NULL, NULL, NULL, NULL, NULL, NULL, '0', '2015-03-07 04:18:16', '2015-03-07 04:18:16', '2015-03-13 14:02:09', '07334f39-4950-4d73-8aa7-f1d1ef374ad4');



DROP TABLE IF EXISTS `craft_widgets`;


--
-- Schema for table `craft_widgets`
--
CREATE TABLE `craft_widgets` (
  `id` int(11) NOT NULL AUTO_INCREMENT,
  `userId` int(11) NOT NULL,
  `type` varchar(150) COLLATE utf8_unicode_ci NOT NULL,
  `sortOrder` tinyint(4) DEFAULT NULL,
  `settings` text COLLATE utf8_unicode_ci,
  `enabled` tinyint(1) unsigned NOT NULL DEFAULT '1',
  `dateCreated` datetime NOT NULL,
  `dateUpdated` datetime NOT NULL,
  `uid` char(36) COLLATE utf8_unicode_ci NOT NULL DEFAULT '0',
  PRIMARY KEY (`id`),
  KEY `craft_widgets_userId_fk` (`userId`)
) ENGINE=InnoDB AUTO_INCREMENT=5 DEFAULT CHARSET=utf8 COLLATE=utf8_unicode_ci;

--
-- Data for table `craft_widgets`
--

INSERT INTO `craft_widgets` (`id`, `userId`, `type`, `sortOrder`, `settings`, `enabled`, `dateCreated`, `dateUpdated`, `uid`) VALUES ('1', '1', 'RecentEntries', '1', NULL, '1', '2015-03-07 04:18:19', '2015-03-07 04:18:19', 'bb42d5d7-891c-4ccb-a7e6-76904a3f117d');
INSERT INTO `craft_widgets` (`id`, `userId`, `type`, `sortOrder`, `settings`, `enabled`, `dateCreated`, `dateUpdated`, `uid`) VALUES ('2', '1', 'GetHelp', '2', NULL, '1', '2015-03-07 04:18:19', '2015-03-07 04:18:19', '5c77339f-358f-4464-9a7a-49a6dca893c0');
INSERT INTO `craft_widgets` (`id`, `userId`, `type`, `sortOrder`, `settings`, `enabled`, `dateCreated`, `dateUpdated`, `uid`) VALUES ('3', '1', 'Updates', '3', NULL, '1', '2015-03-07 04:18:19', '2015-03-07 04:18:19', '08088326-10bd-42c6-ab39-4ccc9533e6b1');
INSERT INTO `craft_widgets` (`id`, `userId`, `type`, `sortOrder`, `settings`, `enabled`, `dateCreated`, `dateUpdated`, `uid`) VALUES ('4', '1', 'Feed', '4', '{\"url\":\"http:\\/\\/feeds.feedburner.com\\/blogandtonic\",\"title\":\"Blog & Tonic\"}', '1', '2015-03-07 04:18:19', '2015-03-07 04:18:19', '41664b06-9821-4e34-a58a-1aef3b289dbe');


--
-- Constraints for tables
--


--
-- Constraints for table `craft_assetfiles`
--
ALTER TABLE `craft_assetfiles`
	ADD CONSTRAINT `craft_assetfiles_folderId_fk` FOREIGN KEY (`folderId`) REFERENCES `craft_assetfolders` (`id`) ON DELETE CASCADE,
	ADD CONSTRAINT `craft_assetfiles_id_fk` FOREIGN KEY (`id`) REFERENCES `craft_elements` (`id`) ON DELETE CASCADE,
	ADD CONSTRAINT `craft_assetfiles_sourceId_fk` FOREIGN KEY (`sourceId`) REFERENCES `craft_assetsources` (`id`) ON DELETE CASCADE;

--
-- Constraints for table `craft_assetfolders`
--
ALTER TABLE `craft_assetfolders`
	ADD CONSTRAINT `craft_assetfolders_parentId_fk` FOREIGN KEY (`parentId`) REFERENCES `craft_assetfolders` (`id`) ON DELETE CASCADE,
	ADD CONSTRAINT `craft_assetfolders_sourceId_fk` FOREIGN KEY (`sourceId`) REFERENCES `craft_assetsources` (`id`) ON DELETE CASCADE;

--
-- Constraints for table `craft_assetindexdata`
--
ALTER TABLE `craft_assetindexdata`
	ADD CONSTRAINT `craft_assetindexdata_sourceId_fk` FOREIGN KEY (`sourceId`) REFERENCES `craft_assetsources` (`id`) ON DELETE CASCADE;

--
-- Constraints for table `craft_assetsources`
--
ALTER TABLE `craft_assetsources`
	ADD CONSTRAINT `craft_assetsources_fieldLayoutId_fk` FOREIGN KEY (`fieldLayoutId`) REFERENCES `craft_fieldlayouts` (`id`) ON DELETE SET NULL;

--
-- Constraints for table `craft_categories`
--
ALTER TABLE `craft_categories`
	ADD CONSTRAINT `craft_categories_groupId_fk` FOREIGN KEY (`groupId`) REFERENCES `craft_categorygroups` (`id`) ON DELETE CASCADE,
	ADD CONSTRAINT `craft_categories_id_fk` FOREIGN KEY (`id`) REFERENCES `craft_elements` (`id`) ON DELETE CASCADE;

--
-- Constraints for table `craft_categorygroups`
--
ALTER TABLE `craft_categorygroups`
	ADD CONSTRAINT `craft_categorygroups_fieldLayoutId_fk` FOREIGN KEY (`fieldLayoutId`) REFERENCES `craft_fieldlayouts` (`id`) ON DELETE SET NULL,
	ADD CONSTRAINT `craft_categorygroups_structureId_fk` FOREIGN KEY (`structureId`) REFERENCES `craft_structures` (`id`) ON DELETE CASCADE;

--
-- Constraints for table `craft_categorygroups_i18n`
--
ALTER TABLE `craft_categorygroups_i18n`
	ADD CONSTRAINT `craft_categorygroups_i18n_groupId_fk` FOREIGN KEY (`groupId`) REFERENCES `craft_categorygroups` (`id`) ON DELETE CASCADE,
	ADD CONSTRAINT `craft_categorygroups_i18n_locale_fk` FOREIGN KEY (`locale`) REFERENCES `craft_locales` (`locale`) ON DELETE CASCADE ON UPDATE CASCADE;

--
-- Constraints for table `craft_content`
--
ALTER TABLE `craft_content`
	ADD CONSTRAINT `craft_content_elementId_fk` FOREIGN KEY (`elementId`) REFERENCES `craft_elements` (`id`) ON DELETE CASCADE,
	ADD CONSTRAINT `craft_content_locale_fk` FOREIGN KEY (`locale`) REFERENCES `craft_locales` (`locale`) ON DELETE CASCADE ON UPDATE CASCADE;

--
-- Constraints for table `craft_elements_i18n`
--
ALTER TABLE `craft_elements_i18n`
	ADD CONSTRAINT `craft_elements_i18n_elementId_fk` FOREIGN KEY (`elementId`) REFERENCES `craft_elements` (`id`) ON DELETE CASCADE,
	ADD CONSTRAINT `craft_elements_i18n_locale_fk` FOREIGN KEY (`locale`) REFERENCES `craft_locales` (`locale`) ON DELETE CASCADE ON UPDATE CASCADE;

--
-- Constraints for table `craft_emailmessages`
--
ALTER TABLE `craft_emailmessages`
	ADD CONSTRAINT `craft_emailmessages_locale_fk` FOREIGN KEY (`locale`) REFERENCES `craft_locales` (`locale`) ON DELETE CASCADE ON UPDATE CASCADE;

--
-- Constraints for table `craft_entries`
--
ALTER TABLE `craft_entries`
	ADD CONSTRAINT `craft_entries_authorId_fk` FOREIGN KEY (`authorId`) REFERENCES `craft_users` (`id`) ON DELETE CASCADE,
	ADD CONSTRAINT `craft_entries_id_fk` FOREIGN KEY (`id`) REFERENCES `craft_elements` (`id`) ON DELETE CASCADE,
	ADD CONSTRAINT `craft_entries_sectionId_fk` FOREIGN KEY (`sectionId`) REFERENCES `craft_sections` (`id`) ON DELETE CASCADE,
	ADD CONSTRAINT `craft_entries_typeId_fk` FOREIGN KEY (`typeId`) REFERENCES `craft_entrytypes` (`id`) ON DELETE CASCADE;

--
-- Constraints for table `craft_entrydrafts`
--
ALTER TABLE `craft_entrydrafts`
	ADD CONSTRAINT `craft_entrydrafts_creatorId_fk` FOREIGN KEY (`creatorId`) REFERENCES `craft_users` (`id`) ON DELETE CASCADE,
	ADD CONSTRAINT `craft_entrydrafts_entryId_fk` FOREIGN KEY (`entryId`) REFERENCES `craft_entries` (`id`) ON DELETE CASCADE,
	ADD CONSTRAINT `craft_entrydrafts_locale_fk` FOREIGN KEY (`locale`) REFERENCES `craft_locales` (`locale`) ON DELETE CASCADE ON UPDATE CASCADE,
	ADD CONSTRAINT `craft_entrydrafts_sectionId_fk` FOREIGN KEY (`sectionId`) REFERENCES `craft_sections` (`id`) ON DELETE CASCADE;

--
-- Constraints for table `craft_entrytypes`
--
ALTER TABLE `craft_entrytypes`
	ADD CONSTRAINT `craft_entrytypes_fieldLayoutId_fk` FOREIGN KEY (`fieldLayoutId`) REFERENCES `craft_fieldlayouts` (`id`) ON DELETE SET NULL,
	ADD CONSTRAINT `craft_entrytypes_sectionId_fk` FOREIGN KEY (`sectionId`) REFERENCES `craft_sections` (`id`) ON DELETE CASCADE;

--
-- Constraints for table `craft_entryversions`
--
ALTER TABLE `craft_entryversions`
	ADD CONSTRAINT `craft_entryversions_creatorId_fk` FOREIGN KEY (`creatorId`) REFERENCES `craft_users` (`id`) ON DELETE SET NULL,
	ADD CONSTRAINT `craft_entryversions_entryId_fk` FOREIGN KEY (`entryId`) REFERENCES `craft_entries` (`id`) ON DELETE CASCADE,
	ADD CONSTRAINT `craft_entryversions_locale_fk` FOREIGN KEY (`locale`) REFERENCES `craft_locales` (`locale`) ON DELETE CASCADE ON UPDATE CASCADE,
	ADD CONSTRAINT `craft_entryversions_sectionId_fk` FOREIGN KEY (`sectionId`) REFERENCES `craft_sections` (`id`) ON DELETE CASCADE;

--
-- Constraints for table `craft_fieldlayoutfields`
--
ALTER TABLE `craft_fieldlayoutfields`
	ADD CONSTRAINT `craft_fieldlayoutfields_fieldId_fk` FOREIGN KEY (`fieldId`) REFERENCES `craft_fields` (`id`) ON DELETE CASCADE,
	ADD CONSTRAINT `craft_fieldlayoutfields_layoutId_fk` FOREIGN KEY (`layoutId`) REFERENCES `craft_fieldlayouts` (`id`) ON DELETE CASCADE,
	ADD CONSTRAINT `craft_fieldlayoutfields_tabId_fk` FOREIGN KEY (`tabId`) REFERENCES `craft_fieldlayouttabs` (`id`) ON DELETE CASCADE;

--
-- Constraints for table `craft_fieldlayouttabs`
--
ALTER TABLE `craft_fieldlayouttabs`
	ADD CONSTRAINT `craft_fieldlayouttabs_layoutId_fk` FOREIGN KEY (`layoutId`) REFERENCES `craft_fieldlayouts` (`id`) ON DELETE CASCADE;

--
-- Constraints for table `craft_fields`
--
ALTER TABLE `craft_fields`
	ADD CONSTRAINT `craft_fields_groupId_fk` FOREIGN KEY (`groupId`) REFERENCES `craft_fieldgroups` (`id`) ON DELETE CASCADE;

--
-- Constraints for table `craft_globalsets`
--
ALTER TABLE `craft_globalsets`
	ADD CONSTRAINT `craft_globalsets_fieldLayoutId_fk` FOREIGN KEY (`fieldLayoutId`) REFERENCES `craft_fieldlayouts` (`id`) ON DELETE SET NULL,
	ADD CONSTRAINT `craft_globalsets_id_fk` FOREIGN KEY (`id`) REFERENCES `craft_elements` (`id`) ON DELETE CASCADE;

--
-- Constraints for table `craft_matrixblocks`
--
ALTER TABLE `craft_matrixblocks`
	ADD CONSTRAINT `craft_matrixblocks_fieldId_fk` FOREIGN KEY (`fieldId`) REFERENCES `craft_fields` (`id`) ON DELETE CASCADE,
	ADD CONSTRAINT `craft_matrixblocks_id_fk` FOREIGN KEY (`id`) REFERENCES `craft_elements` (`id`) ON DELETE CASCADE,
	ADD CONSTRAINT `craft_matrixblocks_ownerId_fk` FOREIGN KEY (`ownerId`) REFERENCES `craft_elements` (`id`) ON DELETE CASCADE,
	ADD CONSTRAINT `craft_matrixblocks_ownerLocale_fk` FOREIGN KEY (`ownerLocale`) REFERENCES `craft_locales` (`locale`) ON DELETE CASCADE ON UPDATE CASCADE,
	ADD CONSTRAINT `craft_matrixblocks_typeId_fk` FOREIGN KEY (`typeId`) REFERENCES `craft_matrixblocktypes` (`id`) ON DELETE CASCADE;

--
-- Constraints for table `craft_matrixblocktypes`
--
ALTER TABLE `craft_matrixblocktypes`
	ADD CONSTRAINT `craft_matrixblocktypes_fieldId_fk` FOREIGN KEY (`fieldId`) REFERENCES `craft_fields` (`id`) ON DELETE CASCADE,
	ADD CONSTRAINT `craft_matrixblocktypes_fieldLayoutId_fk` FOREIGN KEY (`fieldLayoutId`) REFERENCES `craft_fieldlayouts` (`id`) ON DELETE SET NULL;

--
-- Constraints for table `craft_matrixcontent_resumeblocks`
--
ALTER TABLE `craft_matrixcontent_resumeblocks`
	ADD CONSTRAINT `craft_matrixcontent_resumeblocks_elementId_fk` FOREIGN KEY (`elementId`) REFERENCES `craft_elements` (`id`) ON DELETE CASCADE,
	ADD CONSTRAINT `craft_matrixcontent_resumeblocks_locale_fk` FOREIGN KEY (`locale`) REFERENCES `craft_locales` (`locale`) ON DELETE CASCADE ON UPDATE CASCADE;

--
-- Constraints for table `craft_migrations`
--
ALTER TABLE `craft_migrations`
	ADD CONSTRAINT `craft_migrations_pluginId_fk` FOREIGN KEY (`pluginId`) REFERENCES `craft_plugins` (`id`) ON DELETE CASCADE;

--
-- Constraints for table `craft_relations`
--
ALTER TABLE `craft_relations`
	ADD CONSTRAINT `craft_relations_fieldId_fk` FOREIGN KEY (`fieldId`) REFERENCES `craft_fields` (`id`) ON DELETE CASCADE,
	ADD CONSTRAINT `craft_relations_sourceId_fk` FOREIGN KEY (`sourceId`) REFERENCES `craft_elements` (`id`) ON DELETE CASCADE,
	ADD CONSTRAINT `craft_relations_sourceLocale_fk` FOREIGN KEY (`sourceLocale`) REFERENCES `craft_locales` (`locale`) ON DELETE CASCADE ON UPDATE CASCADE,
	ADD CONSTRAINT `craft_relations_targetId_fk` FOREIGN KEY (`targetId`) REFERENCES `craft_elements` (`id`) ON DELETE CASCADE;

--
-- Constraints for table `craft_routes`
--
ALTER TABLE `craft_routes`
	ADD CONSTRAINT `craft_routes_locale_fk` FOREIGN KEY (`locale`) REFERENCES `craft_locales` (`locale`) ON DELETE CASCADE ON UPDATE CASCADE;

--
-- Constraints for table `craft_sections`
--
ALTER TABLE `craft_sections`
	ADD CONSTRAINT `craft_sections_structureId_fk` FOREIGN KEY (`structureId`) REFERENCES `craft_structures` (`id`) ON DELETE SET NULL;

--
-- Constraints for table `craft_sections_i18n`
--
ALTER TABLE `craft_sections_i18n`
	ADD CONSTRAINT `craft_sections_i18n_locale_fk` FOREIGN KEY (`locale`) REFERENCES `craft_locales` (`locale`) ON DELETE CASCADE ON UPDATE CASCADE,
	ADD CONSTRAINT `craft_sections_i18n_sectionId_fk` FOREIGN KEY (`sectionId`) REFERENCES `craft_sections` (`id`) ON DELETE CASCADE;

--
-- Constraints for table `craft_sessions`
--
ALTER TABLE `craft_sessions`
	ADD CONSTRAINT `craft_sessions_userId_fk` FOREIGN KEY (`userId`) REFERENCES `craft_users` (`id`) ON DELETE CASCADE;

--
-- Constraints for table `craft_shunnedmessages`
--
ALTER TABLE `craft_shunnedmessages`
	ADD CONSTRAINT `craft_shunnedmessages_userId_fk` FOREIGN KEY (`userId`) REFERENCES `craft_users` (`id`) ON DELETE CASCADE;

--
-- Constraints for table `craft_structureelements`
--
ALTER TABLE `craft_structureelements`
	ADD CONSTRAINT `craft_structureelements_elementId_fk` FOREIGN KEY (`elementId`) REFERENCES `craft_elements` (`id`) ON DELETE CASCADE,
	ADD CONSTRAINT `craft_structureelements_structureId_fk` FOREIGN KEY (`structureId`) REFERENCES `craft_structures` (`id`) ON DELETE CASCADE;

--
-- Constraints for table `craft_taggroups`
--
ALTER TABLE `craft_taggroups`
	ADD CONSTRAINT `craft_taggroups_fieldLayoutId_fk` FOREIGN KEY (`fieldLayoutId`) REFERENCES `craft_fieldlayouts` (`id`) ON DELETE SET NULL;

--
-- Constraints for table `craft_tags`
--
ALTER TABLE `craft_tags`
	ADD CONSTRAINT `craft_tags_groupId_fk` FOREIGN KEY (`groupId`) REFERENCES `craft_taggroups` (`id`) ON DELETE CASCADE,
	ADD CONSTRAINT `craft_tags_id_fk` FOREIGN KEY (`id`) REFERENCES `craft_elements` (`id`) ON DELETE CASCADE;

--
-- Constraints for table `craft_templatecachecriteria`
--
ALTER TABLE `craft_templatecachecriteria`
	ADD CONSTRAINT `craft_templatecachecriteria_cacheId_fk` FOREIGN KEY (`cacheId`) REFERENCES `craft_templatecaches` (`id`) ON DELETE CASCADE;

--
-- Constraints for table `craft_templatecacheelements`
--
ALTER TABLE `craft_templatecacheelements`
	ADD CONSTRAINT `craft_templatecacheelements_cacheId_fk` FOREIGN KEY (`cacheId`) REFERENCES `craft_templatecaches` (`id`) ON DELETE CASCADE,
	ADD CONSTRAINT `craft_templatecacheelements_elementId_fk` FOREIGN KEY (`elementId`) REFERENCES `craft_elements` (`id`) ON DELETE CASCADE;

--
-- Constraints for table `craft_templatecaches`
--
ALTER TABLE `craft_templatecaches`
	ADD CONSTRAINT `craft_templatecaches_locale_fk` FOREIGN KEY (`locale`) REFERENCES `craft_locales` (`locale`) ON DELETE CASCADE ON UPDATE CASCADE;

--
-- Constraints for table `craft_usergroups_users`
--
ALTER TABLE `craft_usergroups_users`
	ADD CONSTRAINT `craft_usergroups_users_groupId_fk` FOREIGN KEY (`groupId`) REFERENCES `craft_usergroups` (`id`) ON DELETE CASCADE,
	ADD CONSTRAINT `craft_usergroups_users_userId_fk` FOREIGN KEY (`userId`) REFERENCES `craft_users` (`id`) ON DELETE CASCADE;

--
-- Constraints for table `craft_userpermissions_usergroups`
--
ALTER TABLE `craft_userpermissions_usergroups`
	ADD CONSTRAINT `craft_userpermissions_usergroups_groupId_fk` FOREIGN KEY (`groupId`) REFERENCES `craft_usergroups` (`id`) ON DELETE CASCADE,
	ADD CONSTRAINT `craft_userpermissions_usergroups_permissionId_fk` FOREIGN KEY (`permissionId`) REFERENCES `craft_userpermissions` (`id`) ON DELETE CASCADE;

--
-- Constraints for table `craft_userpermissions_users`
--
ALTER TABLE `craft_userpermissions_users`
	ADD CONSTRAINT `craft_userpermissions_users_permissionId_fk` FOREIGN KEY (`permissionId`) REFERENCES `craft_userpermissions` (`id`) ON DELETE CASCADE,
	ADD CONSTRAINT `craft_userpermissions_users_userId_fk` FOREIGN KEY (`userId`) REFERENCES `craft_users` (`id`) ON DELETE CASCADE;

--
-- Constraints for table `craft_users`
--
ALTER TABLE `craft_users`
	ADD CONSTRAINT `craft_users_id_fk` FOREIGN KEY (`id`) REFERENCES `craft_elements` (`id`) ON DELETE CASCADE,
	ADD CONSTRAINT `craft_users_preferredLocale_fk` FOREIGN KEY (`preferredLocale`) REFERENCES `craft_locales` (`locale`) ON DELETE SET NULL ON UPDATE CASCADE;

--
-- Constraints for table `craft_widgets`
--
ALTER TABLE `craft_widgets`
	ADD CONSTRAINT `craft_widgets_userId_fk` FOREIGN KEY (`userId`) REFERENCES `craft_users` (`id`) ON DELETE CASCADE;

SET FOREIGN_KEY_CHECKS = 1;
